,Time,Source,Content
0,null,null,"סקירת עיתונות / מבזקים וחדשות
מחפשים חופשה בזול? לחצו כאןלוח שנה עברי"
1,20:02 19/06,וואלה,בהמשך לאיומי הסתדרות המורים: הלימודים יחלו מחר בשעה 10:00
2,20:00 19/06,רוטר.נט,"אליפות העולם בשחייה בודפשט: מייד גורבנקו בגמר 200 מעורב, 4 ישראלים לא הצליחו היום להעפיל שלב"
3,20:00 19/06,ice,"סיכום המסחר בבורסה: מקס סטוק מזנקת, תשובה מתרסק"
4,20:00 19/06,ice,'הצורפים' משיקים אתר סחר חדש בהשקעה של כמיליון שקל
5,20:00 19/06,ice,בהשקעה של 20 מיליון שקלים: לי בירן בדרך לתיאטרון
6,20:00 19/06,ice,"דניאל גרינברג עוקצת את אילנית ורוסלנה? ""אני לא אישה של אף אחד"""
7,20:00 19/06,ice,"שיתוף פעולה בין הממשלה לאופוזיציה: החוק שמבקש להילחם ב""פרוטקשן"""
8,20:00 19/06,ice,"רמי לוי מחפש נדל""ן באילת, וזו הסיבה לכך"
9,20:00 19/06,ice,בית הדין פסק נגד שביתת ארגון הנהגים: הערעור יתקבל?
10,19:55 19/06,וואלה,"פורום ""החמישיה"": בנט כינס דיון ביטחוני. מיכאלי והורוביץ לא הוזמנו"
11,19:51 19/06,ערוץ 7,בני נוער חגגו את סיום המסלול במרכזי הנוער של ארגון ה-OU ישראל
12,null,null,
13,19:50 19/06,mako,"דובר צה""ל: בהמשך לאזעקות שנשמעות בדקות האחרונות באזור י-ם ובדרום הארץ, ככל הנראה מדובר בתקלה"
14,19:49 19/06,ערוץ 7,"דובר צה""ל: האזעקות שנשמעו באזור ירושלים - עקב תקלה"
15,19:48 19/06,Ynet,אישום: תקף מינית את אחייניתו הנערה במשך שנתיים
16,19:47 19/06,מעריב,בן 52 מעירון חשוד בביצוע מעשים מגונים בבתו בת ה-14
17,19:42 19/06,ישראל היום,רשמית: נתנאל ארצי חתם בהפועל אילת
18,19:42 19/06,מעריב,"דובר צה""ל: האזעקות בירושלים ובדרום הארץ - תקלה"
19,19:39 19/06,Ynet,"יוסי נרצח ברמת גן: ""בתו אמורה להתחתן בעוד שבועיים, מי ילווה אותה לחופה?"""
20,19:34 19/06,ערוץ 7,"היעלמותו של מוישי: הח""כים התגייסו לעזרה"
21,19:33 19/06,ישראל היום,עצוב: צב ים ירוק מת מהסתבכות ברשת רפאים
22,19:30 19/06,ice,"חן מזרחי: ""אוהלים ברוטשילד? תעברו לגור באור עקיבא"""
23,19:28 19/06,Ynet,בצל ההתרעות לפיגוע איראני: שר החוץ לפיד יבקר בטורקיה ביום חמישי
24,19:27 19/06,ישראל היום,טקוואנדו: זהב נוסף לאבישג סמברג
25,19:24 19/06,מעריב,לפיד צפוי לצאת ביום חמישי הקרוב לביקור בזק בטורקיה
26,19:22 19/06,mako,על רקע האיום האיראני בטורקיה: שר החוץ יאיר לפיד צפוי להמריא ביום חמישי לביקור מדיני בטורקיה
27,19:21 19/06,וואלה,שר החוץ יאיר לפיד צפוי לצאת ביום חמישי לביקור בזק מדיני בטורקיה
28,19:20 19/06,mako,העיצומים במערכת החינוך נמשכים: הסתדרות המורים הודיעה כי הלימודים מחר יחלו בשעה 10:00 בכל רחבי הארץ
29,19:20 19/06,ערוץ 7,לפיד צפוי לצאת ביום חמישי הקרוב לביקור מדיני בטורקיה
30,19:20 19/06,Ynet,עיצומי המורים נמשכים: גם מחר הלימודים בכל הארץ יחלו ב-10:00
31,19:19 19/06,ערוץ 7,"ח""כ שמחה רוטמן בסיור בשטח חאן-אל-אחמר: ""ממשלת בנט משקרת לבג""ץ"""
32,19:15 19/06,ערוץ 7,"פרסום ראשון: שקד, אורבך וטל גן צבי דנו עם מועצת יש""ע על תקצוב הכבישים לשנת 2023"
33,null,null,הכרחי לחולי לב: המכשיר החדשני שהופך כל טלפון חכם למכשיר א.ק.ג נייד (Round Table)
34,19:15 19/06,ice,ניגוד אינטרסים? נעמה לזימי תרמה כסף לעיתונאית שרון שפורר
35,19:10 19/06,ערוץ 7,שני הולכי רגל נפגעו מרכב ברחוב הבנים פינת ברקן בחולון
36,19:09 19/06,mako,"הקמפיין של אוקראינה בישראל שמעורר סערה: ""חוצפה בלתי נתפסת"""
37,19:08 19/06,mako,חמאס שוב במפגן התגרות: עמדת התצפית בגבול שופצה - ונתלה שלט מחאה
38,19:06 19/06,ישראל היום,הסתדרות המורים ממשיכה בעיצומים: הלימודים בכל הארץ יחלו מחר בשעה 10:00
39,19:06 19/06,ישראל היום,הישג היסטורי: מקום עשירי לבלכר ובובריצקי בגמר אליפות העולם בשחייה
40,19:06 19/06,ישראל היום,"""פשוט הזוי"": ישראל לא ברשימה של חברת התעופה - פלשתין כן"
41,19:06 19/06,מעריב,הלימודים מחר יתחילו ב-10 בבוקר בכל הארץ
42,19:04 19/06,ישראל היום,יותר משנה לאחר שאושפז: איציק סעידיאן יישא דברים באירוע בשיבא
43,19:03 19/06,וואלה,גם מחר מתחילים ב-10:00
44,19:02 19/06,ערוץ 7,הסתדרות המורים ממשיכה בעיצומים: מחר הלימודים בכל הארץ יחלו בשעה 10:00
45,18:57 19/06,ערוץ 7,אזעקה נשמעת במספר שכונות בירושלים
46,18:57 19/06,ערוץ 7,40 שנה ללבנון הראשונה: הלוחמים מישיבת שעלבים נפגשו לאחר 40 שנה
47,18:57 19/06,וואלה,"אזעקה נשמעה בירושלים, ככל הנראה עקב תקלה"
48,18:51 19/06,מעריב,תושבים מדווחים: אזעקה נשמעת במספר שכונות בירושלים
49,18:49 19/06,ישראל היום,"שרת התחבורה מיכאלי וח""כ ביטון נפגשו: אין פריצת דרך בפתרון המשבר"
50,18:48 19/06,ערוץ 7,עובדת ניקיון נעצרה בחשד לגנבה מבתים באזור ירושלים
51,18:45 19/06,ice,הונאה על חשבון קופת החולים: זו ההודעה המסוכנת
52,18:44 19/06,ישראל היום,לקראת הפריימריז: שני דילים ענקיים בליכוד
53,18:42 19/06,mako,"רופא במרפאת כללית ברהט הותקף על ידי מטופל תושב העיר, לאחר שסירב לפנותו למיון באמבולנס"
54,18:35 19/06,מעריב,עובדת ניקיון מהמועצה האזורית מטה יהודה נעצרה בחשד לגנבה מבתים באזור ירושלים
55,18:35 19/06,ערוץ 7,"הסתיימה פגישת ביטון ומיכאלי: ""הייתה באווירה טובה"""
56,18:33 19/06,ישראל היום,מורה ודרך: הכדורסל היה כל עולמו של אריק בראילובסקי
57,18:33 19/06,ערוץ 7,מגעים לביקור לפיד בטורקיה בקרוב
58,18:32 19/06,Ynet,בצל ההתרעות לפיגוע איראני: מגעים לביקור שר החוץ לפיד בטורקיה
59,18:30 19/06,ice,דירוג יוטיוב: הלהיט שהדיח את עדן בן-זקן ועומר אדם
60,18:30 19/06,ice,אנדר ארמור גייסה את כוכבי ליגת העל לקמפיין חדש
61,18:30 19/06,ice,"אנה זק חטפה קורונה, מי הוזעקה להופיע במקומה?"
62,18:30 19/06,ice,עומר אדם במהלך חדש? הזמר השתגע והעוקבים מחפשים תשובות
63,18:28 19/06,ישראל היום,יממה אחרי התקיפה: עמדת התצפית של חמאס בגבול שופצה
64,18:26 19/06,mako,צעיר בן 19 נפצע בינוני בעקבות תאונת דרכים בין שני כלי רכב בכביש 3254 סמוך למחסום מיתר בדרום
65,18:26 19/06,ערוץ 7,כתב אישום נגד יהודי שרגם באבנים פעילת שמאל בהר חברון
66,18:25 19/06,ערוץ 7,כתב אישום נגד יהודי שרגם באבנים פעילות שמאל בהר חברון
67,18:24 19/06,ערוץ 7,לכבוד שבוע הספר: המשפט המפחיד ביותר שספרן יכול להגיד
68,18:21 19/06,ערוץ 7,"שרת החינוך: מאבק המורים צודק, לא אהיה חלק מקואליציה בראשות נתניהו"
69,18:18 19/06,מעריב,"רה""מ בנט על צירוף אוניברסיטת אריאל לוועד ראשי האוניברסיטאות: ""כבר לא 'ילד חורג'"""
70,18:18 19/06,מעריב,"עמר בר-לב: ""ההתדרדרות בימים האחרונים מהווה מכה קשה למאבק שלנו בפשיעה"""
71,18:17 19/06,ערוץ 7,השר בר לב: מכה קשה למאבק שלנו בפשיעה
72,18:15 19/06,ערוץ 7,פצוע בינוני בתאונה סמוך למחסום מיתר
73,18:15 19/06,ice,"מעיין אדם נפרדת: ""פעם אחרונה שמשתפת פעולה עם שבי"""
74,18:13 19/06,מעריב,"מפקד הצבא הבריטי: ""על הבריטים להיות מוכנים להילחם שוב באירופה"""
75,18:12 19/06,וואלה,בחירות לפרלמנט בצרפת: אחוז ההצבעה נכון ל-5 בערב - 38.1%
76,18:12 19/06,וואלה,רופא בקופת חולים ברהט הותקף על ידי מטופל
77,18:11 19/06,ישראל היום,בשורה בעולם האקדמיה: אוניברסיטת אריאל תהיה חלק מוועד ראשי האוניברסיטאות
78,18:10 19/06,ערוץ 7,כך טירללה התקינות הפוליטית את כולנו - הרב חיים נבון בראיון
79,18:09 19/06,ישראל היום,בשורה בעולם האקדמיה: אוניברסיטת אריאל תהיה חלק מועד ראשי האוניברסיטאות
80,18:08 19/06,ערוץ 7,"הורוביץ: שוקלים להכריז על זועבי ""מורדת"""
81,18:07 19/06,mako,אישה נמצאה ללא רוח חיים בביתה במעלות תרשיחא
82,18:06 19/06,ישראל היום,זוסמן ובלאט זכו באליפות גרמניה עם אלבה ברלין
83,18:05 19/06,וואלה,"ארה""ב: סנאטור רפובליקני אמר כי אין הסכמה לגבי הגבלות חדשות על נשק"
84,18:05 19/06,ערוץ 7,מנהל הפעילות להשבת הבנים לבנט: תושבי הרצועה מקבלים כמעט כל מה שרוצים
85,18:02 19/06,מעריב,בנגלדש: 25 בני אדם נהרגו בסופת מונסון
86,18:02 19/06,Ynet,"קמפיין אוקראיני נגד ישראל: ""לא מטפלת בחיילינו"". בי-ם זועמים: ""סגנון לא מקובל"""
87,18:02 19/06,Ynet,בעקבות ביטול הזיכוי מאונס: הוחמר עונשו של צעיר שתקף מינית בת 4
88,18:01 19/06,ערוץ 7,40 שנה לקרב שלא נגמר: מה באמת קרה בסולטן יעקב?
89,18:00 19/06,ערוץ 7,מרב מיכאלי ומיכאל ביטון נפגשים
90,18:00 19/06,ice,גיא לרר מעלה הילוך: בדרך למחאה שתרעיד את המדינה?
91,17:59 19/06,ערוץ 7,נשיא מצרים אירח את מלך ירדן עבדאללה ואת מלך בחריין
92,17:57 19/06,ישראל היום,על רקע הרפורמה בתחבורה הציבורית: מיכאלי וביטון נפגשו
93,17:50 19/06,ערוץ 7,"""נבנה את הקבוצה הכי טובה שאפשר"""
94,17:47 19/06,ישראל היום,"הפלשתינים לישראל: ""דורשים לקבל את הרובה שממנו בוצע הירי באבו עאקלה"""
95,17:46 19/06,Ynet,"החג החדש של אמריקה: ארה""ב מציינת את יום שחרור העבדים"
96,17:44 19/06,ערוץ 7,אוניברסיטת אריאל צורפה לועד ראשי האוניברסיטאות
97,17:39 19/06,מעריב,"המדינה על בג""ץ הצוללות: ""הוועדה כבר החלה בעבודה בשלבים ראשוניים"""
98,17:37 19/06,ישראל היום,הפתעה בהאלה: מדבדב הפסיד בגמר למדורג 12 בעולם
99,17:36 19/06,mako,"אישה בת 50 נמצאה בביתה במעלות תרשיחא ללא רוח חיים. צוותי מד""א קבעו את מותה"
100,17:34 19/06,mako,"דיווח בארה""ב: גרמניה תחל להפעיל מחדש תחנות כוח מבוססות פחם, ואף תציע תמריצים לחברות להשתמש בפחות גז"
101,17:34 19/06,ערוץ 7,מצטרפת חדשה למהפכת הסיבים בשומרון
102,17:33 19/06,mako,מורה בת 26 מחדרה חולצה מנחל הגילבון לאחר שסבלה מבעיה רפואית בעת טיול של בית הספר
103,17:31 19/06,mako,"בית משפט השלום בנצרת האריך את מעצרם של שניים מתוך שלושת החשודים בהברחת 35 ק""ג סמים מלבנון לישראל"
104,17:31 19/06,וואלה,אחרי נתק של שבועיים מיכאלי וביטון נפגשו לדיון ברפורמת התחבורה הציבורית
105,17:30 19/06,ice,השקעה של עשרות מיליוני שקלים: מהפך בשוק המים הישראלי?
106,17:30 19/06,ice,רשתות נוספות בדרך לארץ? משרד הכלכלה בהחלטה יוצאת דופן
107,17:28 19/06,ישראל היום,"""יוצאים לדרך חדשה"": תיאטרון הבימה משיק את התוכנית האמנותית הבאה"
108,17:21 19/06,מעריב,מורה מחדרה שטיילה בנחל הג'ילבון חולצה עקב בעיה רפואית ופונתה לבית החולים
109,17:20 19/06,ערוץ 7,צביקה פוגל: ישראל לא מגיבה לחמאס - בגלל ביקור ביידן
110,17:18 19/06,ערוץ 7,מחר: נהגי חברת אפיקים ישבתו בכל רחבי יהודה ושומרון
111,17:17 19/06,ישראל היום,"""לקח את חולצתה וחנק למוות"": תושב אשדוד הואשם ברצח בת זוגו"
112,17:15 19/06,ישראל היום,בצעד נדיר: בית המשפט אישר לפנות דייר מוגן לאחר 43 שנה
113,17:15 19/06,ice,דירוג ספוטיפיי: מי נדחקו אל מחוץ לחמישייה?
114,17:13 19/06,ערוץ 7,תמונה: חברי הכנסת עמיחי שיקלי ועידית סילמן ביקרו בעיריית שדרות
115,17:12 19/06,ישראל היום,אישה כבת 50 נמצאה ללא רוח חיים בבית בצפון
116,17:09 19/06,mako,באופן חריג: פורסמה תמונת חשוד בעבירות מין במרפאה כדי להקל על נפגעות להגיש תלונות נוספות
117,17:09 19/06,mako,משמרות המהפכה בגל מעצרים חריג של תומכי המשטר – טענו שישראל פועלת באיראן
118,17:08 19/06,רוטר.נט,אזכרה במלאת 10 שנים לפטירתו של אבי מורי ז'ל הרב ישעיהו רוטר
119,17:05 19/06,ערוץ 7,הרבנים התכנסו בבירת מרוקו עם הרב פינטו
120,17:05 19/06,רוטר.נט,מאבק משטרת ישראל וצה'ל בנגע הסמים המסוכנים בשטחי האש- הושמדו 42 מתחמים אשר נחשדו כשטחי גידול מריחואנה
121,17:00 19/06,ישראל היום,"מכבי ת""א החלה בהכנות לפתיחת העונה"
122,17:00 19/06,מעריב,אישה בת 50 אותרה ללא רוח חיים בבית במעלות תרשיחא
123,17:00 19/06,ערוץ 7,אישה נמצאה ללא רוח חיים בבית במעלות תרשיחא
124,17:00 19/06,ice,ראש ממשלת הודו שבר את הרשת במחווה לאמו בת ה-100
125,17:00 19/06,ice,ניגוד אינטרסים? חברת הכנסת תרמה לפרויקט של העיתונאית
126,16:57 19/06,Ynet,"בדק אלפי מכלי דלק בצבא, חלה במחלת דם - והוכר כנכה צה""ל: ""יש קשר סיבתי"""
127,16:55 19/06,מעריב,ארבעה חשודים נעצרו בחשד לקבלת דבר במרמה ועבירות מס נוספות
128,16:55 19/06,מעריב,42 הרוגים בעקבות שטפונות כבדים בהודו ובבנגלדש
129,16:55 19/06,mako,"בעקבות עליית מחירי הדיור: מחאות יתקיימו הערב בתל אביב, באר שבע פרדס חנה וראש העין"
130,16:55 19/06,ערוץ 7,"השחקן משה אשכנזי נשבר בראיון: ""רותם נפטר, הייתי מפורק"""
131,16:52 19/06,ערוץ 7,"לוחמי צה""ל סיכלו השחתה של גדר ההפרדה מצד הפלסטינים"
132,16:52 19/06,ישראל היום,קולומביה בוחרת: המהפכן מהשמאל הקיצוני מול המהנדס הפופוליסט
133,16:52 19/06,ישראל היום,לקח את חולצתה וחנק למוות: תושב אשדוד הואשם ברצח בת זוגו
134,16:51 19/06,וואלה,בנגלדש: לפחות 25 בני אדם נהרגו בסופת מונסון
135,16:49 19/06,ישראל היום,עם מכות אגרוף: נערים תקפו באלימות נהג אוטובוס
136,16:49 19/06,ישראל היום,תושב סילוואן גנב רכוש מאתר חפירה ארכיאולוגי בעיר דוד שבירושלים
137,16:48 19/06,ערוץ 7,פודקאסט: כיצד התבצעה ההפיכה השיפוטית?
138,16:48 19/06,Ynet,אישום ברצח: חנק למוות את בת זוגו עם חולצתה
139,16:45 19/06,ערוץ 7,ראש הממשלה הפלסטיני: לא סומכים על ישראל בחקירת מות העיתונאית שירין אבו עקלה
140,16:45 19/06,ice,ביותר מ-6 מיליון שקלים: כך יונצחו היהודים יוצאי איראן
141,16:41 19/06,ערוץ 7,יואב סגלוביץ: העבריינים הערבים יודעים שכללי המשחק השתנו
142,16:37 19/06,ערוץ 7,אלופי הפוטבול: הזאבים של בנימין
143,16:33 19/06,ערוץ 7,"שדרות מתרחבת: כ-4,200 יח""ד נוספות ייבנו"
144,16:32 19/06,ישראל היום,"עודד קטש: ""אנחנו הולכים לכיוון של בנייה מחדש"""
145,16:30 19/06,מעריב,ועדת שרים לחקיקה דחתה את הצעת חוק הריבונות
146,16:30 19/06,ice,שרית חדד חוזרת להרים את קיסריה אחרי יותר מעשור: כמה יעלה כרטיס?
147,16:25 19/06,ערוץ 7,שרי החוץ של איראן וטורקיה נפגשו
148,16:24 19/06,וואלה,"ארה""ב: הפארק הלאומי ילוסטון, שנסגר בשל שיטפונות, ייפתח חלקית ביום רביעי"
149,16:21 19/06,ערוץ 7,ועדת השרים לחקיקה דחתה את הצעת חוק הריבונות
150,16:17 19/06,ישראל היום,"""הפריפריה תהפוך למרכז"": ראשי הערים בצפון רוצים שדה תעופה ברמת דוד"
151,16:15 19/06,Ynet,"בנט לחברי הממשלה: ""המצב הפוליטי לא קל, אבל בצד השני קשה להם מאוד"""
152,16:15 19/06,israeldefense,פרשנות | לזלינסקי יש אויב יותר גרוע מפוטין - אינפלציה בעולם המערבי 
153,16:14 19/06,ישראל היום,היעד הבא של האיגוד: אליפות אירופה בהתעמלות מכשירים בישראל
154,16:09 19/06,ישראל היום,"""הפריפריה תהפוך למרכז"": ראשי הערים בצפון רוצים שדה תעופה במגדל דוד"
155,16:09 19/06,מעריב,יום המסחר בבורסה בתל אביב ננעל בעליות שערים
156,16:08 19/06,mako,הסב החשוד ברצח: חשבתי שזה אקדח אוויר
157,16:05 19/06,ישראל היום,הרצוג שוחח עם ארדואן: טרם הוסר האיום מפיגועי טרור נגד ישראלים
158,16:05 19/06,ישראל היום,השרה שקד תטוס למרוקו כדי לדון בשיתופים מדיניים
159,16:01 19/06,Ynet,"הרצוג וארדואן שוחחו: ""טרם הוסר האיום לפיגוע איראני, יש להמשיך במאמץ המשותף"""
160,16:01 19/06,וואלה,יוון: נמשכים החיפושים אחרי ארבעה מהגרים לחופי מיקונוס
161,16:00 19/06,וואלה,הרצוג וארדואן שוחחו בצל החשש מפיגועים נגד ישראלים באיסטנבול
162,16:00 19/06,ice,"אילה חסון זועמת: ""הכסף נזרק לשווא על בית פרטי"""
163,15:56 19/06,מעריב,"כי""ל הודיעה כי היא מחדשת את ההזרמה בתעלת ים המלח באזור מניפת צאלים"
164,15:56 19/06,מעריב,הנשיא הרצוג שוחח עם נשיא טורקיה ארדואן
165,15:55 19/06,ערוץ 7,"ועדת שרים לחקיקה דחתה את הצעת חוק הריבונות, ""בנט סער ולפיד נאחזים בקרנות המזבח"""
166,15:54 19/06,ערוץ 7,"המרוץ לרמטכ""לות: שר הביטחון יקיים היום פגישה נוספת עם אלוף אייל זמיר"
167,15:53 19/06,ישראל היום,הפועל חדרה: החלוץ מוחמד חטיב חתם
168,15:53 19/06,ערוץ 7,הרצוג שוחח עם ארדואן בעקבות הכוונות לבצע פיגוע נגד ישראלים באיסטנבול
169,15:52 19/06,mako,הותר לפרסום: יוסי יוספיה הוא הנרצח אתמול ברמת גן
170,15:52 19/06,רוטר.נט,נשיא המדינה שוחח עם ארדואן על רקע כוונות לביצוע פיגוע טרור כנגד ישראלים באיסטנבול
171,15:51 19/06,mako,חיפה: פועל במצב קשה לאחר שנפגע מרכב במפעל בדרך יליוס סימון בעיר
172,15:50 19/06,mako,אשקלון: פועל במצב בינוני לאחר שנפל מגובה באתר בנייה בשכונת הרצוג בעיר
173,15:49 19/06,mako,שר החוץ האיראני ומקבילו הטורקי שוחחו בטלפון ודנו בכמה נושאים אזוריים וביחסי המדינות
174,15:48 19/06,ערוץ 7,אושרה הצעת השר גנץ לקידום תכניות לחברה הבדואית במשרד הביטחון
175,15:46 19/06,ערוץ 7,הערכה: ההצעה לפיזור הכנסת לא תעלה ברביעי הקרוב
176,15:45 19/06,מעריב,"הושמדו 42 מתחמים אשר נחשדו כשטחי גידול מריחואנה בשטחי האש של צה""ל"
177,15:45 19/06,ישראל היום,סער לאורבך: אם תפעל לפיזור הכנסת – המשמעות היא בחירות
178,15:45 19/06,ישראל היום,"""אני בלחץ של החיים שלי"": דניאל גרינברג עברה ניתוח"
179,15:45 19/06,ice,"הקריפטו היומי: אחרי לילה שחור, התאוששות קלה בשוק"
180,15:45 19/06,ice,סלקום עם שורת מינויים חדשים שצמחו מתוך החברה
181,15:44 19/06,ערוץ 7,"בני גנץ יקיים היום פגישה נוספת עם אלוף אייל זמיר במסגרת תהליך בחירת הרמטכ""ל"
182,15:43 19/06,ערוץ 7,שני קצינים בכירים ביקרו את ניסו שחם בכלא
183,15:42 19/06,ישראל היום,"צפו בשידור החי: עודד קטש מוצג כמאמן מכבי ת""א"
184,15:39 19/06,ישראל היום,אליפות אירופה בהתעמלות אומנותית: מדליית כסף לישראל בתרגיל החישוק
185,15:37 19/06,מעריב,המשטרה הטילה קנס בסך מאה אלף שקלים וצוותי השבתה כנגד עסקים במגזר הערבי
186,15:37 19/06,וואלה,פועל בן 47 נפצע קשה מפגיעת רכב במפעל
187,15:36 19/06,ישראל היום,הותר לפרסום: יוסף יוספיה הוא הנרצח ברמת גן; מעצרו של החשוד הוארך
188,15:36 19/06,ערוץ 7,"פועל בן 32 נפל מגובה באתר בניה במעלה אדומים, מצבו בינוני"
189,15:36 19/06,ערוץ 7,"המתקפה של הרב יוסף נגד עולי הר הבית | ""בן גביר תמיד נמצא היכן שהפוליטיקאים החרדים לא"""
190,15:35 19/06,וואלה,"הסתדרות המורים מאיימת: ""ממשיכים בעיצומים, לא עוצרים כאן"""
191,15:35 19/06,וואלה,רמזי געבה הוא טכנאי האולטרסאונד החשוד בביצוע עבירות מין בקופות חולים
192,15:33 19/06,ישראל היום,מה שקורה באילת: כוכבת הבוזגלוס קרסה לעיני ילדיה
193,15:31 19/06,ערוץ 7,"אחרי הפומ""ה והנמר""ה - גם הפנדה מתגייסת לצה""ל"
194,15:30 19/06,ישראל היום,דניאל גרינברג עברה ניתוח
195,15:30 19/06,ישראל היום,"דני עמוס חתם במכבי פ""ת"
196,15:27 19/06,ישראל היום,הותר לפרסום: יוסף יוספיה הוא הנרצח ברמת גן
197,15:24 19/06,ישראל היום,אליפות אירופה בהתעמלות אומנותית: ישראל רביעית בתרגיל המשולב
198,15:23 19/06,ערוץ 7,בן 37 נפצע בינוני מפגיעת רכב סמוך למחלף גהה
199,15:21 19/06,מעריב,אשקלון: גבר בן 40 נפצע באורח בינוני לאחר שנפל מגובה באתר בנייה
200,15:20 19/06,ערוץ 7,"על שנאה חולנית - ד""ר חיים משגב"
201,15:16 19/06,מעריב,גבר בן 47 נפצע באורח קשה מפגיעת רכב בחיפה
202,15:16 19/06,ערוץ 7,"פועל נפגע מרכב במפעל בחיפה, מצבו קשה"
203,15:15 19/06,ישראל היום,"המפכ""ל: ""סיכלנו עשרות מקרי רצח מתחילת השנה"""
204,15:15 19/06,ישראל היום,השרה שקד תטוס למרוקו על מנת לדון בשיתופיים מדיניים
205,15:13 19/06,ערוץ 7,"הותר לפרסום שמו של הנרצח ברמת גן, הוארך מעצר החשוד"
206,15:11 19/06,ערוץ 7,"ח""כ ניר אורבך נועד עם גפני בבני ברק"
207,15:10 19/06,ערוץ 7,"בן גביר חשף: במשך השנים המשטרה שילמה לי רבע מיליון ש""ח פיצויים"
208,15:10 19/06,Ynet,רוכב אופניים נהרג מפגיעת רכב בשפלה
209,15:07 19/06,mako,באופן חריג: פורסמה תמונת חשוד בעבירות מין במרפאה כדי להקל על הגשת תלונות נוספת
210,15:05 19/06,Ynet,"בסלון, ברפת ועם אלכוהול: תקף מינית את אחייניתו הנערה במשך שנתיים"
211,15:05 19/06,Ynet,"הסב שירה למוות באבי כלתו התפרץ בדיון: ""לא התכוונתי"""
212,15:05 19/06,ערוץ 7,פורסמה תמונתו של טכנאי האולטרסאונד החשוד בעבירות מין
213,15:03 19/06,ישראל היום,"מעצר החשוד ברצח חתנו הוארך: ""היינו ביחסים מצוינים, רק ניסיתי להפחיד אותו"""
214,15:02 19/06,ערוץ 7,פורסמה תמונתו של טכנאי האולטרסאונד החשוד בביצוע עבירות מין
215,15:00 19/06,ice,אירה דולפין חוגגת והסלבריטאים מתייצבים. מי הגיעו ליומולדת הנוצצת?
216,15:00 19/06,ice,הבשר הטרי יורד מהמדפים: זו העיר בה התגלה המחדל
217,15:00 19/06,ice,מינוי יוקרתי: אוטונומו מצרפת את מאיר משה לדירקטוריון
218,14:54 19/06,ישראל היום,"טעים בפה, יקר בכיס: מחירי המנגו מאמירים"
219,14:54 19/06,ישראל היום,"שקד תטוס למרוקו כדי לחתום על מסמך לכינון שת""פ להבאת עובדים זרים לארץ"
220,14:53 19/06,מעריב,בני ברק: רוכב אופניים בן 42 נפצע באורח בינוני בתאונת דרכים בעיר
221,14:53 19/06,מעריב,הותר לפרסום שמו של טכנאי האולטרסאונד החשוד בביצוע עבירות מין
222,14:53 19/06,ערוץ 7,רוכב אופניים נפצע בינוני בתאונה בבני ברק
223,14:51 19/06,ערוץ 7,"הרב אביעד גדות: ""מתן כהנא התיישב לידי, לא העברתי לו את המים"""
224,14:50 19/06,ערוץ 7,פרסום ראשון: אביגדור ליברמן יתמוך בשלילת מימון טיפול קוסמטי למחבלים
225,14:47 19/06,וואלה,הפיליפינים: בתו של הנשיא יוצא דוטרטה הושבעה לסגנית נשיא
226,14:47 19/06,ערוץ 7,"חוק הפרוטקשן אושר בוועדת השרים: ""מגמה מדאיגה וממושכת"""
227,14:46 19/06,מעריב,ועדת השרים לחקיקה אישרה את הצעתו של סער להחמרת ענישה כלפי תקיפת צוותים רפואיים
228,14:45 19/06,israeldefense,לעקוב אחרי שריפות עם לווינים - ישירות בטלפון הסלולרי
229,14:45 19/06,israeldefense,"טיסה מוצלחת ראשונה לכטב""מ הרמס 900 בשוויץ"
230,14:45 19/06,ice,מינוי יוקרתי: אוטונומו מצרפת את מאיר משה מצטרף לדירקטוריון
231,14:45 19/06,ערוץ 7,ועדת השרים לחקיקה אישרה: החמרת ענישה כלפי תקיפת צוותים רפואיים
232,14:45 19/06,ice,"הבשר הטרי יורד מהמדפים להשמדה: ""אינם ראויים למאכל אדם"""
233,14:44 19/06,Ynet,"אזרחים ערבים חשים פחות בטוחים, נשים חוששות יותר מגברים: סקר הביטחון האישי"
234,14:40 19/06,מעריב,בעקבות המחסור החריף בכוח אדם: הממשלה הגדילה את מכסת העובדים הזרים בענף המלונאות
235,14:39 19/06,ערוץ 7,המשטרה עצרה תושב הדרום שנתפס עם סכין בדרכו לבאר שבע
236,14:38 19/06,רוטר.נט,בימ'ש התיר לפרסם את שמו ותמונתו של טכנאי האולטרסאונד החשוד בביצוע עבירות מין
237,14:38 19/06,מעריב,המשטרה עצרה לחקירה תושב הדרום שנתפס עם סכין בדרכו לבאר שבע
238,14:36 19/06,ישראל היום,בפעם השנייה: פסטיבל האלקטרוניקה האהוב חוזר לישראל
239,14:35 19/06,ערוץ 7,שבע בום: מדליה שביעית לישראל באליפות אירופה
240,14:34 19/06,ישראל היום,אחוז החסימה שב לשולחן: בליכוד מתלבטים אם סיוע אפשרי לימין - עשוי להיות משמעותי יותר לשמאל
241,14:33 19/06,Ynet,"טסה לטורקיה למרות האזהרות: ""איראנים חיכו לנו במלון, אחד סימן שירצח אותנו"""
242,14:31 19/06,וואלה,רוכב אופניים כבן 40 נהרג בתאונת דרכים סמוך למודיעין
243,14:31 19/06,ערוץ 7,אליפות אירופה: מדליית כסף לנבחרת הקבוצתית בתרגיל החישוק
244,14:30 19/06,ישראל היום,אליפות העולם: נבחרת השחייה האמנותית עלתה לגמר שלישי
245,14:30 19/06,israeldefense,"אלביט חושפת: מטע""ד אלקטרו-אופטי חדש לאיסוף מודיעין בטנקים וכלי רק""ם "
246,14:30 19/06,ice,"חוגג: ""אני בן ערובה, תלמדו מהפועל ירושלים"""
247,14:29 19/06,mako,הקטל בכבישים: הרוג בתאונת דרכים בין רכב לרוכב אופניים סמוך לקיבוץ שעלבים
248,14:29 19/06,mako,תושב אשדוד בן 22 נעצר בחשד לשורת מקרים בהם ביצע מעשים מגונים בנשים בזמן שרכב על אופניו
249,14:28 19/06,ישראל היום,אחוז החסימה שב לשולחן: בליכוד מתלבטים אם סיוע לימין - יהיה משמעותי יותר לשמאל
250,14:28 19/06,mako,ההצלחה באליפות אירופה נמשכת עבור ישראל: מדליית כסף לנבחרת הקבוצתית בתרגיל החישוק
251,14:28 19/06,mako,"המשטרה סיכלה הברחת 35 ק""ג סמים על גבול הצפון 3 חשודים מהצפון נעצרו"
252,14:27 19/06,mako,הממשלה אישרה הצעה להקצות 6 מיליון שקלים לארכיון לחקר מורשת יהדות ארצות ערב ואיראן
253,14:25 19/06,ישראל היום,החשד לרצח ברמת גן: ירה באבי כלתו במעלית כי סירב להראות לו את הנכדים
254,14:22 19/06,ישראל היום,החשד לרצח ברמת גן: ירה בו במעלית כי סירב להראות לו את הנכדים
255,14:19 19/06,ישראל היום,"ח""כ מש""ס תוקף את בן גביר: ""אין הבדל בינו לבין מתן כהנא"""
256,14:17 19/06,מעריב,צעיר בן 24 מאשדוד נעצר בגין ניסיון שוד בעיר
257,14:15 19/06,מעריב,רוכב אופניים כבן 40 נהרג מפגיעת רכב סמוך לשעלבים
258,14:15 19/06,Ynet,עונש משמעתי: נזיפה וקנס לקצין בכיר שניהל יחסים עם פקודתו שקידם במקביל
259,14:15 19/06,ערוץ 7,6 שנות מאסר נגזרו על אברהם לשם שהורשע באונס ומעשה מגונה
260,14:15 19/06,ice,שכרתם קורקינט? הפרטיות שלכם בסכנה חמורה
261,14:13 19/06,ישראל היום,"פרשן סעודי בכיר: ""הפלשתינים צריכים לקבל אזרחות מירדן"""
262,14:12 19/06,מעריב,"המפכ""ל: ""נגביר את הפעילות תוך מעורבות משמעותית של להב 433 בתיקי הרצח"""
263,14:10 19/06,ערוץ 7,עמית הלוי מספר: מה היה בפגישת הרב דרוקמן ומנסור עבאס
264,14:09 19/06,ערוץ 7,רוכב אופניים בן 40 נהרג בתאונת דרכים סמוך לשעלבים
265,14:08 19/06,ישראל היום,הורדת אחוז החסימה: לאופוזיציה אין שום עניין לקדם את הצעת החוק
266,14:07 19/06,mako,"בעיית כוח האדם של רוסיה מחריפה, אך במערב מבינים שהמלחמה רחוקה מסיום"
267,14:07 19/06,ערוץ 7,"המפכ""ל קיים דיון מיוחד בעקבות אירועי הרצח: ""נגביר את הפעילות"""
268,14:06 19/06,mako,"חשד לרצח ברמת גן: גבר ירה למוות בבן 60, הרקע: סכסוך על משמורת הנכדים"
269,14:05 19/06,מעריב,"שוק מטבעות הקריפטו בקריסה: הביטקוין הגיע לשפל של 17,995 דולרים"
270,14:05 19/06,ישראל היום,"הרב ליאור נגד הרב הראשי: ""יש חשש שהמניע לדבריו פוליטי - ולא הלכתי"""
271,14:04 19/06,ערוץ 7,שרת הפנים איילת שקד תמריא מחר לביקור מדיני במרוקו
272,14:04 19/06,ערוץ 7,תושב אשדוד חשוד בביצוע מעשים מגונים בנשים בעיר
273,14:00 19/06,ice,עסק חדש בכותל: איזה סניף ייפתח בנקודה המבוקשת בישראל?
274,14:00 19/06,ice,מענק מפנק לעובדים חדשים: איפה תקבלו עשרות אלפי שקלים?
275,13:59 19/06,ערוץ 7,"בנט בישיבת הממשלה: הפיצו עלי ששיחקתי בקנדי קראש, כל השיפוץ בבית היה על חדר ממ""ד"
276,13:58 19/06,ערוץ 7,"שאשא ביטון: ""יש מלא פייק ניוז שמפיצים על הממשלה"""
277,13:55 19/06,ערוץ 7,הממשלה אישרה את מינויו של חגי טופולנסקי למנכ״ל רשות שדות התעופה
278,13:53 19/06,ישראל היום,"מתחים גוברים ביחסים: רוסיה מתכננת ביקורת חריפה על ישראל באו""ם"
279,13:50 19/06,וואלה,יותר מ-6 מיליון שקלים אושרו לתיעוד מורשת יהדות איראן וערב
280,13:48 19/06,ערוץ 7,"גדי פיינגולד: ""השיר הזה ירד לעולם בחנוכה בארבע בבוקר"""
281,13:45 19/06,israeldefense,קלארוטי מצאה חולשות במערכת לניהול רשתות של סימנס
282,13:45 19/06,israeldefense,אלביט תכשיר הנדסאים בבאר שבע שיקלטו ברמת בקע
283,13:45 19/06,ערוץ 7,"ד""ר טל ברוש על אבעבועות הקוף: ""מדובר בהתפרצות גדולה מאוד וחריגה"""
284,13:43 19/06,Ynet,"מספר החולים קשה עולה, אך במערכת הבריאות קוראים להימנע מהגבלות"
285,13:41 19/06,ישראל היום,פלוריאן הארטהרץ הגרמני מגיע להתרשמות במכבי נתניה
286,13:41 19/06,ישראל היום,בפעם השלישית: פסטיבל האלקטרוניקה האהוב חוזר לישראל
287,13:41 19/06,ערוץ 7,נהג אוטובוס הותקף בידי נערים שניסו להתחמק מתשלום
288,13:36 19/06,ערוץ 7,"תוקם ועדת מנכ""לים לזכויות ילדים ונוער, בראש הוועדה יעמוד מנכ""ל משרד המשפטים"
289,13:33 19/06,ערוץ 7,"אורית טבעה למוות בסיני: ""המצילים לא ידעו לעשות החייאה"""
290,13:32 19/06,ערוץ 7,ראשי הערים הגדולות בעמק תומכים בהקמת שדה תעופה בינלאומי ברמת דוד
291,13:30 19/06,ישראל היום,"הממשלה פועלת להגדלה משמעותית של הסיוע הכספי לנכי צה""ל"
292,13:30 19/06,ישראל היום,"קרניות עיניו של איתם מגיני ז""ל, שנרצח בפיגוע בדיזנגוף, הושתלו בהצלחה"
293,13:30 19/06,israeldefense,"מענקים בסך 6 מיליון ש""ח לפיילוטים על גבי תשתיות הדור החמישי בסלולר"
294,13:30 19/06,ice,"חיים אתגר מאשים: ""אם יקרה להם משהו, זו אחריותכם"""
295,13:30 19/06,ice,"""בעלת בית רשלנית"": מה גרם לבן לתבוע את אמו?"
296,13:28 19/06,ישראל היום,"בנט על המצב הפוליטי הנפיץ: ""לצד השני קשה מאוד, אם נהיה נחושים יותר - נצליח"""
297,13:26 19/06,מעריב,"רכבת שהייתה בדרכה לירושלים פגעה בבעל חיים, רכבת חלופית הוזנקה עבור הנוסעים"
298,13:26 19/06,mako,הממשלה אישרה הצעה להקצות 6 מיליון שקלים לארכיון וחקר מורשת יהדות ארצות ערב ואיראן
299,13:25 19/06,mako,"שיבושים בתנועת הרכבות בין ירושלים לת""א בשל פגיעה בבעל חיים באזור מחלף ענבה"
300,13:25 19/06,mako,נהג חברת סופרבוס בן 62 הותקף באלימות קשה בידי נערים שניסו להתחמק מתשלום ופונה באמבולנס לבית החולים
301,13:24 19/06,ישראל היום,"הממשלה אישרה להמשיך את מתן הסיוע לנכי צה""ל בתחומי הדיור והרכב"
302,13:21 19/06,ישראל היום,"גיא קפלן מונה לעוזר המאמן בהפועל ב""ש"
303,13:21 19/06,ישראל היום,"כוח צה""ל ירה על פלשתיני ליד קלקיליה, דיווח כי נהרג"
304,13:18 19/06,ישראל היום,עם צפי ל-97%: מכבי חיפה מוציאה לדרך את חידוש המינויים
305,13:17 19/06,ערוץ 7,מציאת גופתה של ספיר נחום - שלב אחר שלב
306,13:16 19/06,ערוץ 7,"הממשלה אישרה הקמת ועדת מנכ""לים ומינוי מתאם ממשלתי בעניין זכויות ילדים ונוער"
307,13:11 19/06,Ynet,"הטמינה מכשיר הקלטה לבתה בפעוטון: ""חשבתי שאתבדה, שמענו דברים איומים"""
308,13:10 19/06,Ynet,תיעוד מהודו: המונים העלו באש קרונות רכבת בעקבות תוכנית גיוס חדשה
309,13:06 19/06,mako,"פלסטיני נהרג מאש צה""ל לאחר שניסה לחבל בגדר ההפרדה בקלקיליה"
310,13:06 19/06,mako,"החשד לרצח ברמת גן: ""הם שמעו יריות ואז את אבא שלי צועק `תעזרו לי`"""
311,13:06 19/06,mako,"""אתה ילד גדול, יהיו לזה השלכות"": התחזה לראש ארגון פשע כדי לסחוט עשרות אלפי שקלים מעובד ציבור"
312,13:05 19/06,ישראל היום,"פשוט מופלאות: 3 מדליות כסף לדריה אטמנוב, ארד לעדי כץ"
313,13:03 19/06,mako,"בנט בישיבת הממשלה: ""עלות השיפוץ של הבית שלי זה 160 אלף שקלים, כל היתר זו עלות אבטחה"""
314,13:03 19/06,mako,"4 חשודים נעצרו בחשד שפיתחו מנגנון פלילי למשיכת כספי פנסיה במרמה, זיוף ומצג שווא"
315,13:02 19/06,mako,"כתב אישום הוגש נגד דיפין פאראממאל בן 34, עובד זר מהודו, זאת לאחר שתקף קשיש בן 93 בכמה הזדמנויות"
316,13:02 19/06,mako,דאבל ישראלי על הפודיום באליפות אירופה: דריה אטמנוב (כסף) ועדי כץ (ארד) במכשיר הסרט
317,13:01 19/06,וואלה,6 שנים ו-8 חודשי מאסר נגזרו על אברהם לשם שתקף מינית ילדה
318,13:00 19/06,mako,"אורית פלד, בת 49 מפרדסיה, היא התיירת הישראלית שטבעה למוות שלשום בשארם א-שיח` שבסיני"
319,13:00 19/06,mako,"האוקראינים על האבדות של הרוסים מתחילת הלחימה: כ-33,6 אלף חיילים נהרגו, 216 מטוסים הופלו"
320,13:00 19/06,ישראל היום,עם צפי ל-97%: מכבי חיפה מוציאה לדרך את חידוש המנויים
321,13:00 19/06,ice,אנה זק גורפת מיליון שקל: איזו חברה תעמוד מאחוריה?
322,13:00 19/06,ice,אילנית חזן מונתה למנהלת מערכות מידע
323,13:00 19/06,ice,רשות המסים נעקצה במיליוני שקלים: בעל חברה הסתבך בענק
324,13:00 19/06,ice,כמה הרוויחה City Transformer בסבב הגיוס האחרון?
325,13:00 19/06,ice,איזו רשת שברה שיא ומי שמרה על המקום הראשון?
326,12:59 19/06,mako,"קרניות עיניו של איתם מגיני, שנרצח בפיגוע ברחוב דיזינגוף, הושתלו בהצלחה בשתי נשים שונות שחזרו לראות"
327,12:59 19/06,ערוץ 7,"בן גביר על מינוי שרון אפק: ""בנט ממנה עוד איש שמאל לתפקיד בכיר"""
328,12:54 19/06,ישראל היום,פלשתינים מדווחים על הרוג ליד גדר הביטחון מדרום לקלקיליה
329,12:54 19/06,ישראל היום,"במקום שי הס: הפועל ב""ש מינתה מאמן שוערים חדש"
330,12:54 19/06,ישראל היום,"פשוט מופלאה: 3 מדליות לדריה אטמנוב, ארד לעדי כץ"
331,12:50 19/06,ערוץ 7,התנועה לאיכות השלטון עתרה נגד מינוי ראש הסגל של בנט
332,12:49 19/06,Ynet,"גמליאל: ""יש מגעים לממשלה חלופית""; השכל: חזרת הליכוד לשלטון - סכנה למדינה"
333,12:48 19/06,ישראל היום,מעדיף רזות: האם בן שיקר למעיין במשך חודש שלם?
334,12:47 19/06,ערוץ 7,אליפות אירופה בהתעמלות אומנותית: מדלית כסף לאטמנוב וארד לכץ בתרגיל הסרט
335,12:45 19/06,ישראל היום,"סודות הבגידה דולפים: ""מיס בום בום"" חושפת פרטים מביכים על פיקה"
336,12:45 19/06,ice,מהפכה בקשת 12: זה האיש שיעמוד בראש הערוץ
337,12:44 19/06,Ynet,"מיליונים יוקצו לשימור מורשת יהודי ערב: ""צעד בדרך לתיקון"""
338,12:42 19/06,ישראל היום,מעדיף רזות: האם בן שיקר למעיין חודש שלם?
339,12:42 19/06,ישראל היום,"אדם אריאל: ""אני מאוד רוצה להישאר בהפועל ירושלים"""
340,12:42 19/06,ישראל היום,"הסודות הבגידה דולפים: ""מיס בום בום"" חושפת פרטים מביכים על פיקה"
341,12:41 19/06,וואלה,"שרון אפק וגיל-עד נועם מונו לתפקיד המשנים ליועמ""שית"
342,12:39 19/06,ישראל היום,"הסודות דולפים החוצה: ""מיס בום בום"" חושפת פרטים מביכים על פיקה"
343,12:36 19/06,ישראל היום,שוטר? זה עומד להיות הרכב החדש שלך
344,12:36 19/06,ישראל היום,איך תוכלו להכין שייקים טעימים מבלי לצאת מהבית?
345,12:36 19/06,מעריב,"הממשלה אישרה את מינויים של אלוף (במיל׳) שרון אפק ועו״ד גיל-עד נועם לתפקיד המשנה ליועמ""ש"
346,12:32 19/06,ערוץ 7,תושב סילוואן נעצר בחשד שגנב מאתר חפירה ארכיאולוגי בעיר דוד
347,12:31 19/06,mako,פלסטיני נהרג מאש צהל לאחר שניסה לחבל בגדר ההפרדה בקלקיליה
348,12:31 19/06,ערוץ 7,"ישראל גנץ: ""לא נאפשר להקים כאן את חאן אל אחמר"""
349,12:31 19/06,ישראל היום,בחירות 2024 מתקרבות: האם יד ימינו של טראמפ ירוץ נגדו?
350,12:31 19/06,ערוץ 7,תושב סילוואן נעצר בחשד שגנב מאתר פירה ארכיאולוגי בעיר דוד
351,12:30 19/06,ice,בצל הגל השישי: זו קופת החולים המובילה בישראל
352,12:30 19/06,ice,אפליקציית bit במהלך משוגע: זו העיר שמצטרפת למהפכת התשלומים
353,12:24 19/06,וואלה,פלסטיני נורה למוות לאחר שניסה לחבל בגדר ההפרדה ליד קלקיליה
354,12:18 19/06,ערוץ 7,פורסם שמה של הישראלית שטבעה למוות בשארם א-שייח
355,12:17 19/06,ישראל היום,"משה (בוגי) יעלון יעמוד בראש ""ספיישל אולימפיקס"""
356,12:17 19/06,ישראל היום,"בק טו ריאליטי: דיירת ""האח הגדול"" בתמונות ראשונות לאחר ההדחה"
357,12:17 19/06,ישראל היום,"""קבלן ברעננה משלם פרוטקשן ליהודים"" "
358,12:15 19/06,ice,טיקטוק סוגרת את הבאסטה ומפטרת יותר מ-100 עובדים
359,12:15 19/06,ice,דבי תקשורת הודיעה על מינוי שני מנהלי מחלקות חדשות
360,12:15 19/06,ice,רשות המסים עוצרת את כספי הפנסיה: הונאת הענק נחשפה
361,12:14 19/06,ישראל היום,"קרניות עיניו של איתם מגיני ז""ל שנרצח בפיגוע בדיזינגוף הושתלו בהצלחה"
362,12:14 19/06,ישראל היום,"""""קבלן ברעננה משלם פרוטקשן ליהודים"" "
363,12:13 19/06,ערוץ 7,עובד זר מהודו מואשם בתקיפה של קשיש בו טיפל
364,12:12 19/06,ישראל היום,"קרניות עיניו של איתם מגיני ז""ל שנרצח בפיגוע ברחוב דיזינגוף הושתלו בהצלחה"
365,12:12 19/06,ישראל היום,"בק טו ריאליטי: דיירת ה""האח הגדול"" בתמונות ראשונות לאחר ההדחה"
366,12:11 19/06,ערוץ 7,"חיליק שריר מונה למנכ""ל ערוץ 12"
367,12:10 19/06,ערוץ 7,עובד זר מהודו מואשם בתקיפה של קשיש שטיפל בו
368,12:06 19/06,ישראל היום,הכירו: מטרופולין קריית גת
369,12:06 19/06,ישראל היום,"למרות הביקורת: הממשלה אישרה את מינוי שרון אפק למשנה ליועמ""ש"
370,12:06 19/06,mako,המרדף באיסטנבול: מה מתכננות חוליות הטרור האיראניות?
371,12:03 19/06,ערוץ 7,"ח""כ יואב קיש: אני לא רואה את נפתלי בנט שותף בשום ממשלה של הימין"
372,12:02 19/06,ישראל היום,פשוט מופלאה: דריה אטמנוב זכתה במדליות כסף בתרגילי החישוק והאלות
373,12:02 19/06,ערוץ 7,התפקיד החדש של בוגי יעלון
374,12:02 19/06,ערוץ 7,חשד: משכו כספי פנסיה לעובדים בעיריית ירושלים בניגוד לחוק
375,12:01 19/06,ערוץ 7,תהילים ברחבת הכותל לרפואת הרב חיים דרוקמן
376,12:01 19/06,Ynet,"איש העסקים הישראלי שחזר מסעודיה: ""פוטנציאל מדהים, הם רוצים לשתף פעולה"""
377,12:00 19/06,ice,"נטפליקס עושה תרגיל לישראל? ""מאיימים לפגוע ביצירה הישראלית"""
378,12:00 19/06,ice,על גגות תל אביב: סמסונג בקמפיין חדש ומרהיב ביופיו
379,12:00 19/06,ice,הטעות שאתם חייבים להפסיק לעשות לפני יציאה לשופינג
380,11:59 19/06,וואלה,בריטניה: לראשונה מאז הכתרתה - המלכה החמיצה את מרוץ הסוסים רויאל אסקוט
381,11:59 19/06,ישראל היום,פשוט מופלאה: דריה אטמנוב זכתה במדליות כסף בתרגיל החישוק והאלות
382,11:58 19/06,mako,"אושר פה אחד מינויו של אלוף (במיל`) שרון אפק למשנה ליועמ""ש"
383,11:57 19/06,ערוץ 7,"קרניות עיניו של איתם מגיני הי""ד הושתלו בשתי נשים"
384,11:55 19/06,ערוץ 7,"פלסטיני נהרג מירי צה""ל לאחר שניסה לחבל בגדר ההפרדה ליד קלקיליה"
385,11:54 19/06,וואלה,בחירות לפרלמנט בצרפת: מקרון צפוי לגרוף רוב
386,11:54 19/06,Ynet,פלסטיני ניסה לחבל בגדר ההפרדה ליד קלקיליה - ונורה למוות
387,11:53 19/06,ישראל היום,צפו: מה קרה כשכל משפיעני האוכל החזקים בישראל נסגרו בחדר אחד?
388,11:53 19/06,ישראל היום,מריחה דשא: על החזרה של סרינה וויליאמס למגרשים
389,11:53 19/06,ערוץ 7,"מינויים של שרון אפק וגיל-עד נועם לתפקיד המשנים ליועמ""שית אושר בממשלה"
390,11:50 19/06,ישראל היום,"בנט במסר לבכיר האיראני: ""מי שינסה לפעול נגד ישראלים בחו""ל - ישלם את המחיר"""
391,11:50 19/06,ישראל היום,"הממשלה צפויה לאשר היום את מינוי אפק למשנה ליועמ""ש"
392,11:49 19/06,Ynet,"אורית טבעה למוות בצלילה בשארם א-שייח: ""הייתה מאושרת וקורנת"" | התיעוד האחרון"
393,11:47 19/06,ישראל היום,"""האח הגדול"": היי שלום, רחל, ריכלת לנו מאוד"
394,11:47 19/06,ישראל היום,"בנט ברמז לבכיר האיראני: ""מי שינסה לפעול נגד ישראלים בחו""ל - ישלם את המחיר"""
395,11:45 19/06,ice,הטעות שאתם חייבים להפסיק לעשות לפני שתצאו לשופינג
396,11:45 19/06,ice,מייסד גוגל מתגרש - ומבקש לא לשלם מזונות
397,11:44 19/06,ערוץ 7,"הנדל: ""אין חלופות אחרות למעט בחירות"""
398,11:41 19/06,מעריב,כתב אישום הוגש נגד תושב לוד בגין ירי כלפי אדם אחר במסגרת סכסוך בין עבריינים
399,11:41 19/06,ישראל היום,תקדים: עיריית י-ם תסייע בתשלום דמי ניהול בניין
400,11:40 19/06,ערוץ 7,"ח""כ פינדרוס: הניסיון של יו""ר הסוכנות הנבחר למצוא חן בעיני התנועות הליברליות - מביש ומצער"
401,11:35 19/06,mako,"בנט: ""איראן מנסה לפגוע בישראלים ביעדים שונים בחו""ל, אנחנו פוגעים בשולחי המחבלים"""
402,11:35 19/06,ערוץ 7,"בנט: ""לא מחפשים תירוצים עבור המחבלים, מבחינתנו חמאס הוא הכתובת"""
403,11:34 19/06,Ynet,"בנט על תכנון הפיגועים על אדמת טורקיה: ""הכלל שלנו - מי ששולח, משלם"""
404,11:33 19/06,ערוץ 7,"בנט על ניסיונות האיראניים לבצע פיגועים: ""מי ששולח מחבלים - משלם"""
405,11:31 19/06,רוטר.נט,"בנט; עם הקמת הממשלה שינינו את המדיניות מול חמאס, בכמה מימדים. הפסקנו מיד את העברת מזוודות דולרים לחמאס"
406,11:30 19/06,ישראל היום,אפקט Google Pay: השימוש בארנקים דיגיטליים הוכפל
407,11:30 19/06,ice,שירות חדש בחופי הים: כך תדעו שאין לכם סרטן
408,11:29 19/06,וואלה,"בנט על הניסיונות האיראנים לפגע בטורקיה: ""מי ששולח - משלם"""
409,11:27 19/06,ישראל היום,חדשות האוכל: חוגגים את רמת הגולן בתל אביב
410,11:27 19/06,ערוץ 7,"בנט על ניסיונות האיראניים לבצע פיגועים: ""מי ששולח - משלם"""
411,11:26 19/06,מעריב,"רה""מ בנט: ""הסכנה בטורקיה גבוהה, קורא לאזרחים לגלות אחריות ולשמור על ביטחונם"""
412,11:26 19/06,מעריב,"רה""מ בנט: ""עם הקמת הממשלה שינינו את המדיניות מול חאמס - הפסקנו את מזוודות הדולרים"""
413,11:26 19/06,ערוץ 7,"שרת החינוך תומכת במאבק המורים: ""נמצאים במשבר מאוד חמור"""
414,11:24 19/06,ישראל היום,"מלחמת הדגלים הגיעה לרמת הגולן: דגל הרש""פ הונף באנדרטה לזכר חללי צה""ל"
415,11:21 19/06,ישראל היום,סיוט בים המלח: אלמוני נכנס לחדר במלון בזמן ששתי נשים ישנו בו
416,11:21 19/06,וואלה,"הנדל: ""צריך לייצב את הקואליציה, מצבינו לא הכי טוב"""
417,11:21 19/06,ערוץ 7,מינוי חדש בפדרציות היהודיות של צפון אמריקה
418,11:20 19/06,ערוץ 7,"שרת החינוך תומכת במאבק המורים: ""מאבק לגיטימי וצודק"""
419,11:15 19/06,ישראל היום,גורבנקו לא עלתה לחצי הגמר ב-100 חזה
420,11:15 19/06,ice,יוניקורן: מה זה אומר בעצם?
421,11:15 19/06,ice,פייסבוק תשבור את החוקים? השינוי הקיצוני שנדרש ממנה
422,11:15 19/06,ice,מחירי המזון ברשתות המובילות ירדו השבוע? בדקנו לכם
423,11:13 19/06,ערוץ 7,"יאיר לפיד VS איילה חסון: ""תצפה בשידור"""
424,11:12 19/06,ישראל היום,"גורבנקו לא עלתה לחצי הגמר ב-100 חזה, הערב בגמר 200 מעורב"
425,11:12 19/06,ישראל היום,מאמן ופרשן הכדורסל אריק בראילובסקי הלך לעולמו גיל 65
426,11:09 19/06,ישראל היום,"גורם בממשל האמריקני: ""מאמינים שיש עסקת גרעין בהישג יד, הכל תלוי באיראן"""
427,11:08 19/06,mako,"גנץ הקפיא את ההיתרים, בעזה זועמים: ""למה שאנחנו נשלם את המחיר?"""
428,11:07 19/06,mako,ישראלית טבעה למוות בחוף בשארם א-שיח` בסיני
429,11:07 19/06,mako,"""ים של מזוודות"": תקלה טכנית בהית`רו הובילה לכאוס"
430,11:07 19/06,ערוץ 7,"יוזמה בבית היהודי: ""איילת שקד בראש"""
431,11:07 19/06,וואלה,"שאשא ביטון: ""צריך לנהל מו""מ אמיתי עם המורים - לא כמו עכשיו"""
432,11:06 19/06,ערוץ 7,הצהרת תובע נגד 3 חשודים בגרימת נזק בחנות בחווארה
433,11:04 19/06,ישראל היום,עורך דין תאונת עבודה מומלץ לשנת 2023 – המדריך המלא.
434,11:00 19/06,ice,טבע נאות בקמפיין חדש בהשקעה של כ-750 אלף שקל
435,11:00 19/06,ice,"הסתבכה בשוק האפור, וזה הסכום שבן זוגה ייאלץ לשלם"
436,11:00 19/06,ice,האם מחירי המזון ירדו השבוע? בדקנו לכם
437,10:58 19/06,ערוץ 7,תושב קדימה חשוד בתקיפת מוכר בפיצוציה ושוטרים שהגיעו לעוצרו
438,10:56 19/06,וואלה,תושב קדימה נעצר בחשד שתקף מוכר בחנות באמצעות שרשרת ברזל
439,10:55 19/06,ישראל היום,פשוט מופלאה: דריה אטמנוב זכתה במדלית כסף בתרגיל החישוק
440,10:53 19/06,ערוץ 7,דריה אטמנוב זכתה במדליית הכסף באליפות אירופה בהתעמלות אמנותית
441,10:52 19/06,ישראל היום,"מזכ""ל נאט""ו: ""המלחמה באוקראינה עלולה לקחת שנים"""
442,10:49 19/06,ישראל היום,"ניקולה באטום: ""גדלתי כאוהד גדול של מכבי ת""א"""
443,10:49 19/06,ערוץ 7,"יפה בן דוד: ""פקידי האוצר שקרנים, התפקיד גדול עליהם"""
444,10:48 19/06,Ynet,"נאט""ו: ""המלחמה עלולה להימשך שנים"". תיעוד: נשק אמריקני משמיד טנק רוסי"
445,10:45 19/06,ice,וואטסאפ בשינוי מבורך שיציל אתכם מהרבה אי נעימויות
446,10:45 19/06,ice,בין חיסכון לפיקדון – מה נכון לעשות עם הכסף שלכם בימים אלו?
447,10:45 19/06,ice,ישראל הגרועה בעולם בתאונות הדרכים: הנתונים המדאיגים נחשפים
448,10:45 19/06,ice,"בועז שרעבי יככב בקמפיין חדש, זו העלות שלו"
449,10:44 19/06,ישראל היום,"""חשבתי לפגוע בעצמי"": ים רפאלי מגיע ל""החופרת"""
450,10:41 19/06,ערוץ 7,"הרב יואל ראטה: ""מוישי קליינרמן קפץ לאוטובוס שלנו במירון"""
451,10:40 19/06,ישראל היום,"ניקולס באטום: ""גדלתי כאוהד גדול של מכבי ת""א"""
452,10:37 19/06,ערוץ 7,מאמן הכדורסל אריק בראילובסקי הלך לעולמו בגיל 65
453,10:32 19/06,ישראל היום,"נשבר שיא גינס ל""נאגט"" הגדול בעולם, לא תאמינו מה הוא מכיל"
454,10:30 19/06,ice,קנסות במאות שקלים: זו העירייה שתלחם בתושבים וכלביהם
455,10:26 19/06,ישראל היום,"קטש אחרי החתימה במכבי ת""א: ""יהיו הרבה סיטואציות מעניינות"""
456,10:25 19/06,ערוץ 7,תוך 24 שעות: עמדת חמאס שהותקפה - הוקמה מחדש
457,10:23 19/06,ישראל היום,"סקר: זינוק בפופולריות של בן גביר בקרב מצביעי ש""ס"
458,10:21 19/06,mako,עיתון איראני המקורב למשטר מציע לנקום בישראל בהתקפה על אדמת ישראל ובמקביל לפגוע במטרות אמריקניות
459,10:20 19/06,ישראל היום,"היום: הממשלה תדון במינוי אפק למשנה ליועמ""ש"
460,10:20 19/06,mako,"מכבי ת""א הודיעה רשמית על מינוי עודד קטש למאמן הקבוצה"
461,10:20 19/06,ישראל היום,"""הפרוטקשן - המחלה השקטה של ענף הבנייה"""
462,10:19 19/06,mako,קטטה המונית עם עשרות מעורבים התפתחה אתמול בכפר שעב על רקע סכסוך על חנייה בין 2 משפחות
463,10:17 19/06,ישראל היום,"רשמית: מכבי ת""א הציגה את עודד קטש כמאמן החדש"
464,10:15 19/06,ice,הסוף לתאונות הדרכים של האופניים והקורקינטים? הפתרון הישראלי לבעיה
465,10:15 19/06,ice,"הזמינה כיסא מאמזון, לא תאמינו מה מצאה בתוך החבילה"
466,10:14 19/06,וואלה,ישראלית טבעה למוות במהלך חופשה בשארם א-שייח בסיני
467,10:14 19/06,ערוץ 7,נפתחו הקלפיות בישראל לבחירות לפרלמנט הצרפתי
468,10:14 19/06,ערוץ 7,"מחדל החשמל בלוד: ""עברה עלינו שבת קשה"""
469,10:11 19/06,ישראל היום,דיווח באיטליה: דן שמיר ימונה לעוזר המאמן בארמני מילאנו
470,10:11 19/06,ישראל היום,"סקר פנימי חושף: זינוק בפופולריות של בן גביר בקרב מצביעי ש""ס"
471,10:11 19/06,וואלה,נהגי האוטובוסים ישבתו מחר בצפון ובאזור ירושלים
472,10:09 19/06,וואלה,6 בני אדם נפצעו באורח קל בקטטה שפרצה בכפר שעב
473,10:07 19/06,mako,"ראשון מתוח באיסטנבול: ""האיראנים מנסים לרצוח ישראלים - והעולם כמנהגו נוהג"""
474,10:06 19/06,ערוץ 7,בוגר ישיבת ההסדר תורה בציון סיים קורס טיס
475,10:03 19/06,וואלה,האב ובתו שנפלו לבאר עדיין מאושפזים בבית החולים הלל יפה בחדרה
476,10:00 19/06,israeldefense,יחידה מיוחדת של צבא ארה״ב פשטה על כפר בצפון סוריה - ולכדה בכיר בדאעש 
477,10:00 19/06,israeldefense,Matrix 2Bsecure מקימה חברת שירותי אבטחת מידע בתחום ה-OT
478,10:00 19/06,ice,למכירה: אי שלם במחיר ממוצע של דירה בתל אביב
479,09:59 19/06,מעריב,"רוכב אופנוע בן 45 התנגש במעקה הבטיחות בצומת קציעות, מצבו בינוני"
480,09:58 19/06,ערוץ 7,עכשיו זה רשמי: עודד קטש יאמן את מכבי תל אביב
481,09:56 19/06,ערוץ 7,רוכב אופנוע במצב בינוני לאחר שהתנגש במעקה הבטיחות בנגב
482,09:53 19/06,ערוץ 7,"כאוס בדרך להוצאת ויזה: ""אין תורים"""
483,09:53 19/06,Ynet,"בן דויד: ""הטענות - למשרד האוצר. שביתה כללית השבוע? חכו ותראו"""
484,09:52 19/06,ערוץ 7,11 חשודים נעצרו לאחר שהשתתפו בקטטה המונית בגליל
485,09:51 19/06,ערוץ 7,11 חשודים נעצרו לאחר שהשתתפו בקטטה בגליל
486,09:51 19/06,רוטר.נט,פומפאו חושף פרטים חדשים מהמבצע לחיסול סולימני בשדה התעופה של בגדד
487,09:51 19/06,ישראל היום,צהוב או אדום: תומר גינת יקבל החלטה לגבי עתידו בקרוב
488,09:49 19/06,מעריב,"חולון: פועל בן 38 נפצע מחפץ כבד, מצבו מוגדר בינוני"
489,09:47 19/06,Ynet,הקשר בין הפשיעה הערבית ללאומנות
490,09:47 19/06,ערוץ 7,"שירה, בלונים ומתנה: אדי חגג יום הולדת 11 בבית-החולים"
491,09:46 19/06,מעריב,11 בני אדם נעצרו לאחר שהשתתפו בקטטה בגליל שהתפתחה על רקע סכסוך חנייה
492,09:46 19/06,ערוץ 7,ראש ישיבת חברון יעבור צנתור
493,09:45 19/06,israeldefense,חוקרי F5 Labs חושפים: נוזקה חדשה במכשירי אנדרואיד – MaliBot
494,09:45 19/06,ice,רייטינג: האח הגדול וחתונה ממבט ראשון צמודות מתמיד
495,09:45 19/06,ice,תיעוד מחריד: מאבטח היכה בחורה בהופעה של אייל גולן
496,09:42 19/06,ישראל היום,לא שגרתי: זה הפריט שהפך את הלוק הכלתי של ליהי קורנובסקי לאייקוני
497,09:42 19/06,Ynet,"יפה בן דויד: ""כל הטענות - למשרד האוצר. אנחנו נלחמים על עתיד מערכת החינוך"""
498,09:36 19/06,ישראל היום,קוקוס: הסודות הגדולים על אילוף כלבים
499,09:33 19/06,ישראל היום,"""אינטואיציה והימורים"": מאחורי השירים של שלמה ארצי"
500,09:31 19/06,mako,"טייבה: לאחר דיווח על קולות יריות, נעצר תושב העיר בן 33 בחשד להחזקה לא חוקית של 2 אקדחים ומחסניות"
501,09:30 19/06,israeldefense,מלחמה באוקראינה: האיחוד האירופי המליץ לקבל את אוקראינה כחברה באיחוד
502,09:30 19/06,israeldefense,הולנד תפסה מרגל רוסי
503,09:30 19/06,ice,"רמי לוי, שופרסל או גוד-פארם: איפה הטואלטיקה הכי יקרה?"
504,09:30 19/06,ice,צפו: מאבטח היכה בחורה בהופעה של אייל גולן
505,09:29 19/06,ערוץ 7,"תושב טייבה נעצר בחשד להחזקה לא חוקית של אמל""ח"
506,09:26 19/06,מעריב,תושב טייבה בן 33 נעצר לחקירה בחשד להחזקה לא חוקית של שני אקדחים
507,09:23 19/06,mako,"המודיעין הבריטי: הקרבות הקשים והאינטנסיביים בסברודונייצק נמשכים, ושני הצדדים רושמים אבדות גדולים"
508,09:23 19/06,ערוץ 7,"תקיפת עמדת חמאס: ""יש פה תמונת ניצחון והיא לא שלנו"""
509,09:21 19/06,ישראל היום,"אחלה חמודים: על שיר הגאווה של סטטיק, בן-אל ודנה אינטרנשיונל"
510,09:15 19/06,israeldefense,"דיווח: ישראל מתאמת עם ארה""ב תקיפות בסוריה"
511,09:15 19/06,israeldefense,תכירו: החימוש החדש שמפותח למטוסי ה-F35
512,09:15 19/06,ice,הישראלים מפסיקים להשתמש במזומן? זינוק חד בשימוש בארנקים דיגטליים
513,09:15 19/06,ice,"קחו הייטק ותכפילו: שכר העתק של מאמן מכבי ת""א"
514,09:13 19/06,Ynet,"גל הפרישות במשטרה: ""לא יכולתי לקיים משפחה, המשכורת ריסקה אותי"""
515,09:09 19/06,ישראל היום,"יצא לכם כבר לפגוש בנסראללה בנתב""ג?"
516,09:09 19/06,ישראל היום,"""טהרן"" התפוצצה לנו בידיים: העונה השנייה אכזבה"
517,09:08 19/06,Ynet,ישראלית טבעה למוות בשארם א-שייח
518,09:06 19/06,ישראל היום,"""המשטרה לא עושה מספיק"": זעם על אוזלת היד של רשויות האכיפה"
519,09:06 19/06,mako,הקרב על החוק נגד העלבת עובד ציבור
520,09:03 19/06,ישראל היום,מס הכנסה שלילי? קל
521,09:03 19/06,ישראל היום,"יו""ר הסוכנות הנכנס חשף שבתו עלתה לתורה - ועורר סערה"
522,09:00 19/06,ישראל היום,"יו""ר הסוכנות הנכנס נשא נאום מחבק בפני התנועה הרפורמית - ועורר סערה"
523,09:00 19/06,ישראל היום,"ניקול ראידמן מצהירה: ""מעכשיו אוכלת רק כשר"""
524,09:00 19/06,israeldefense,"ארה""ב: תקציב משרד ההגנה לשנת 2023 עומד על 817 מיליארד דולר "
525,09:00 19/06,ice,היסטוריה באפל: זה הצעד חסר התקדים של העובדים
526,09:00 19/06,ice,"תקן 21.1: ""הגמישות בתקן המעודכן מייצרת מתכון למחלוקות"""
527,08:57 19/06,ישראל היום,"הצהרת ראידמן: ""מעכשיו אני אוכלת רק כשר"""
528,08:56 19/06,מעריב,"בת 27 הוכשה על ידי נחש בצפון, מצבה בינוני"
529,08:56 19/06,ערוץ 7,יאיר יעקבי: מעשה בבלון אחד ודי
530,08:54 19/06,ערוץ 7,"113 דו""חות תנועה נרשמו בפעילות המשטרה בירושלים"
531,08:54 19/06,Ynet,"הקמפיין המבולבל של ""ביביטיבי"""
532,08:53 19/06,ערוץ 7,"מנכ""לית משרד החינוך: האוצר לא מדבר איתנו על משכורת מורה מתחיל"
533,08:52 19/06,mako,צעירה בת 27 במצב בינוני לאחר שהוכשה על ידי נחש באזור הירדן
534,08:52 19/06,וואלה,"בת 27 הוכשה על ידי נחש בצפון הגולן, מצבה בינוני"
535,08:51 19/06,ישראל היום,אזור נוחות תעסוקתי
536,08:47 19/06,ערוץ 7,"סגן השר קארה: ""חברי האופוזיציה מעכבים מענקים מסיבות פוליטיות"""
537,08:47 19/06,Ynet,"בהתנשאות ובבחישה, איראן מפלגת את העולם הערבי"
538,08:39 19/06,ערוץ 7,"כשל אבטחתי בצה""ל: פלסטיני חדר לשטח מפקדת אוגדת איו""ש בבית אל ונתפס אחרי כחצי שעה"
539,08:38 19/06,ערוץ 7,הישראלים מתמכרים לתשלום עם הטלפון
540,08:38 19/06,Ynet,שנה אחרי חתימת ההסכם: המתווה להסדרת המאחז אביתר עדיין תקוע
541,08:37 19/06,ישראל היום,"גפני, לפיד ואחוז החסימה"
542,08:37 19/06,mako,"בעקבות רצף אירועי הרצח האחרונים: המפכ""ל יקיים דיון רחב בנושא הפשיעה בהשתתפות מפקדי המחוזות והימ""רים"
543,08:36 19/06,ערוץ 7,"אישה בת 27 הוכשה ע""י נחש ברמת הגולן, מצבה בינוני"
544,08:35 19/06,ערוץ 7,"אישה הוכשה ע""י נחש ברמת הגולן, מצבה בינוני"
545,08:34 19/06,ישראל היום,מלך שערי הליגה השבדית על הכוונת של מכבי חיפה
546,08:34 19/06,ערוץ 7,"כשל אבטחתי בצה""ל: פלסטיני חדר אתמול לשטח מפקדת אוגדת איו""ש בבית אל ונתפס אחרי כחצי שעה"
547,08:30 19/06,ice,"חדשות 12 ומורן אטיאס מותקפות: ""השנה 2022 וזה משודר"""
548,08:30 19/06,israeldefense,״החשש ממעקב המוני באמצעות זיהוי פנים - משולל הגיון תפעולי״
549,08:27 19/06,Ynet,מזג האוויר: מגמת ירידה בטמפרטורות עד אמצע השבוע
550,08:24 19/06,mako,ישראלית טבעה למוות בשארם א-שיח בסיני
551,08:24 19/06,ערוץ 7,ישראלית טבעה למוות בשארם א-שייח שבסיני
552,08:24 19/06,ערוץ 7,ישראלית טבעה למוות בחוף בשארם א-שייח בסיני
553,08:22 19/06,ישראל היום,הצעד הבא של אלין כהן
554,08:20 19/06,ערוץ 7,עמית סגל: בש״ס מודאגים מאוד מהתחזקות של בן גביר בקרב מצביעי המפלגה
555,08:18 19/06,מעריב,עובד זר נפגע בינוני מכוויות ושאיפת עשן בשריפה שפרצה במבנה בקיבוץ קטורה
556,08:15 19/06,israeldefense,דיווח: סין רוצה לבנות בסיס ימי בקמבודיה
557,08:15 19/06,ערוץ 7,"שלום אסייג: גדלתי עם תמונה של בגין על הקיר, אני לא יכול להיות שמאל, זה בוורידים"
558,08:13 19/06,Ynet,"הישראלים שהתגייסו להגן על הבית: ""הבנתי שצריך לעשות משהו"""
559,08:07 19/06,ישראל היום,"""טהרן"" מתפוצצת לנו בידיים: העונה השנייה מאכזבת"
560,08:04 19/06,mako,בת ה-3 שנפלה אתמול אל הבאר בפרדס חנה הועברה למחלקת הילדים של בית החולים הלל יפה - מצבה בינוני
561,08:00 19/06,ישראל היום,חגיגת הסיום של אבו מאזן
562,08:00 19/06,וואלה,"8 מבוקשים נעצרו על ידי לוחמי צה""ל ברחבי יהודה ושומרון"
563,08:00 19/06,ערוץ 7,טרגדיה בבית שמש: מוישי אבלס שנפגע מעמוד בטון בחנוכה הלך לעולמו
564,08:00 19/06,ice,"קיימו יחסי מין באמצע הרחוב, איך הגיבו השוטרים?"
565,08:00 19/06,ice,המחירים המופקעים נשארו: מחירי הקולה בהופעה של אייל גולן
566,07:59 19/06,mako,חברת SpaceX שיגרה לוויין תקשורת מנמל החלל קייפ קנוורל שבפלורידה
567,07:58 19/06,ערוץ 7,הצעיר שפגע בשתי מפגינות בתל אביב נחקר ושוחרר
568,07:56 19/06,ישראל היום,"""מסי רצה להרוג אותי"""
569,07:54 19/06,ערוץ 7,השרים ידונו בשלילת מימון טיפול קוסמטי למחבלים
570,07:52 19/06,ישראל היום,"עוקף ליכוד: ח""כ קריב מציע חוק לשינוי כינוס ועדת האתיקה"
571,07:52 19/06,ערוץ 7,"מפקד משטרת מודיעין עילית: ""נמשיך לחפש את מוישי עד שנמצא"""
572,07:49 19/06,ישראל היום,מפלגת העבודה: מרב הניתוק
573,07:49 19/06,ערוץ 7,"מפכ""ל המשטרה יקיים דיון בנושא הפשיעה בעקבות מקרי הרצח האחרונים"
574,07:46 19/06,mako,"כוחות של צה""ל והשב""כ עצרו במהלך השבת והלילה 8 מבוקשים ברחבי יהודה ושומרון"
575,07:42 19/06,ערוץ 7,הילדה שנפלה אל באר בפרדס חנה הועברה למחלקת הילדים בהלל יפה
576,07:35 19/06,Ynet,להפוך מחאה לאפקטיבית
577,07:32 19/06,ערוץ 7,"כוחות צה""ל ושב""כ עצרו שמונה מבוקשים ברחבי יהודה ושומרון"
578,07:30 19/06,ice,"יאיר לפיד עקץ את אילה חסון וספג: ""חלול, יהיר"""
579,07:30 19/06,ice,"אחיו של שלום אסייג חשף: ""מדוע פרשתי משנות ה-90"""
580,07:30 19/06,ice,טרגדיה בנטפליקס: שני שחקנים נהרגו על סט הצילומים לסדרה
581,07:29 19/06,מעריב,"כוחות צה""ל ושב""כ עצרו הלילה שמונה מבוקשים בטרור ברחבי יהודה ושומרון"
582,07:29 19/06,ערוץ 7,"בנט לחברי ימינה: אם חוק יו""ש לא יעבור תוך שבועיים - הסיפור נגמר"
583,07:23 19/06,ערוץ 7,ועדת השרים תדון בחוק לשלילת טיפול קוסמטי למחבלים
584,07:18 19/06,mako,"היסטוריה בחברת אפל: עובדי ""אפל-סטור"" במרילנד מתאגדים לראשונה בארה""ב"
585,07:15 19/06,ערוץ 7,"בנט בישיבת סיעה: אם חוק יו""ש לא יעבור תוך שבועיים - הסיפור נגמר"
586,07:15 19/06,ice,מאסק מפטר עובדים כנקמה? המכתב שגרם למהלך הדרמטי
587,07:14 19/06,Ynet,"שביתת נהגי האוטובוסים תתחדש: ""המדינה מזניחה אותנו שנים"""
588,07:08 19/06,מעריב,"לאור מקרי הרצח בתקופה האחרונה: המפכ""ל יקיים דיון פשיעה רחב"
589,07:08 19/06,mako,41 בני אדם נהרגו ומיליונים התפנו מבתיהם בשל שטפונות בהודו ובבנגלדש
590,07:05 19/06,mako,נשיא אוקראינה וולודימיר זלנסקי ביקר בחזית הלחימה הדרומית - בפעם הראשונה מאז החלה הפלישה הרוסית
591,07:03 19/06,ערוץ 7,"מפקד האוכלוסין: המועצות ביו""ש מובילות"
592,07:02 19/06,ערוץ 7,20 בני אדם נעצרו בחשד למעורבות בקטטה בכפר שעב
593,07:00 19/06,ice,פי 4 מהשיא הקודם: כמה שווה ארוחה עם באפט?
594,07:00 19/06,ice,"מאות אלפי תרופות יורדות מהמדפים: ""סיכון להרעלה של ילדים"""
595,07:00 19/06,ice,הלוטו השתגע: פספסו את הפרס הגדול והפכו למיליונרים
596,06:59 19/06,mako,שביתה בכל הארץ: בתי הספר והגנים יחלו לפעול בשעה 10:00
597,06:54 19/06,ישראל היום,בעקבות מחאת המורים: הלימודים יחלו היום ב-10:00
598,06:53 19/06,ערוץ 7,הלימודים בכל רחבי הארץ יחלו הבוקר ב-10:00
599,06:48 19/06,מעריב,הונג קונג: פורסמה רשימת חברי הקבינט של המושל החדש קונג ג'ון לי
600,06:47 19/06,mako,"ארה""ב שוקלת לשלוח 4 מערכות מתקדמות לירי רקטות לאוקראינה - כך דווח ב-Politico"
601,06:47 19/06,Ynet,"50 שנה למחאת הפנתרים השחורים: ""נלחמנו על הלחם, הפגנו רעבים"""
602,06:42 19/06,mako,"מזכ""ל נאט""ו: ""עלינו להתכונן לעובדה שהמלחמה עשויה לקחת שנים. אסור לנו לוותר על התמיכה באוקראינה"""
603,06:42 19/06,ערוץ 7,"ארה""ב: היועץ לביטחון לאומי נמצא חיובי לקורונה"
604,06:33 19/06,ערוץ 7,שר החוץ של איראן: נותנים עדיפות גבוהה לשיפור היחסים עם שכנינו
605,06:21 19/06,ערוץ 7,"צפון קוריאה: 19,310 בני אדם עם ""תסמיני חום"" אובחנו ביממה האחרונה"
606,06:19 19/06,mako,"ספרד: כ-1,700 תושבים פונו מבתיהם בעקבות שרפות חורש בצפון המדינה"
607,06:12 19/06,ערוץ 7,שרת החינוך: מחאת המורים לגיטימית
608,06:02 19/06,ערוץ 7,"ח""כ ארבל נגד דורון אלמוג: במקום להיות גורם ממלכתי ומאחד הוא בחר בפילוג"
609,05:48 19/06,ישראל היום,התחזית: היום יהיה בהיר - בהמשך השבוע ייתכן גשם
610,05:39 19/06,ערוץ 7,"מזכ""ל נאט""ו: המלחמה באוקראינה עשויה להימשך שנים"
611,05:08 19/06,ערוץ 7,"ארה""ב: יועצי ה-CDC המליצו על חיסוני קורונה עבור תינוקות"
612,03:39 19/06,ישראל היום,"מודל ""הקרקע המשלימה"" המחודש יוצא לדרך: ""עובדים על הגדלת ההיצע"""
613,03:33 19/06,ישראל היום,חכמים בקופה: השימוש בארנקים דיגיטליים מזנק
614,03:11 19/06,ישראל היום,"דיווח ערבי: מל""טים תקפו בסיס לפיתוח טילים במערב טהרן בליל שבת"
615,02:57 19/06,Ynet,"מחאת האוהלים צוברת תאוצה: ""העם מתחיל להתעורר - לא נעצור עד שיהיה שינוי"""
616,02:14 19/06,ישראל היום,מחיר למתעשר: עלייה של אלפי שקלים במעונות לפעוטות
617,01:46 19/06,ישראל היום,שני שחקנים נהרגו בתאונת דרכים במהלך צילומי סדרה של נטפליקס
618,01:23 19/06,מעריב,קורונה בצפון קוריאה: מעל 19 אלף מקרים מאומתים ביממה האחרונה
619,01:06 19/06,mako,"הרב הראשי יצחק יוסף תוקף את חה""כ בן גביר: ""מתסיס את הרוחות ועובר על כול צו של גדולי ישראל"""
620,01:00 19/06,ישראל היום,"הרב הראשי: ""יש אחד בן גביר נכנס להר הבית - אהבל"""
621,00:26 19/06,מעריב,"ח״כ משה ארבל בתגובה לדברי דורון אלמוג: ""במקום להיות גורם ממלכתי ומאחד הוא בחר בפילוג"""
622,00:16 19/06,ישראל היום,מדינה במחאה: סקטורים רבים במשק פתחו בעיצומים - שרק עלולים להחריף
623,00:10 19/06,ערוץ 7,"הפגנה מול ביתו של אורבך: חלאס איומים, תבחר צד"
624,00:02 19/06,ישראל היום,ראשון: הזדמנות לעסקה טובה
625,23:46 18/06,Ynet,"אלפים בלונדון נגד יוקר המחיה: ""קצצו במלחמה, לא ברווחה"""
626,23:41 18/06,ישראל היום,שבוע גורלי לממשלה: הקואליציה בקרב הישרדות - והחקיקה תקועה
627,23:40 18/06,ערוץ 7,"סגן יו""ר ההסתדרות הציונית העולמית על המתקפה נגד דורון אלמוג: בורות וטפשות"
628,23:39 18/06,ערוץ 7,הרב יוסף במתקפה נגד המתירים עליה להר הבית
629,23:36 18/06,Ynet,"הלימודים יחלו ב-10:00. מורה: ""השביתה - זעקה"". אמא: ""בן דויד רומסת אותנו"""
630,23:36 18/06,Ynet,"כ-2,000 בהפגנת תמיכה בממשלה: ""אורבך, אל תישבר"". בנט: ""תודה, אנחנו לא נשברים"""
631,23:34 18/06,וואלה,אוקראינה: 3 טילים רוסיים הרסו מחסן נשק במזרח המדינה
632,23:33 18/06,ישראל היום,היום: הצעת חוק לשלילת מימון טיפול קוסמטי למחבלים
633,23:33 18/06,ישראל היום,"זהירות, עקיצה: המדוזות בדרך ישראל"
634,23:33 18/06,ערוץ 7,הקרב על הדגל בחווארה
635,23:32 18/06,ערוץ 7,"גדעון סער מתחייב: ""אני לא אחזיר את ביבי"""
636,23:30 18/06,Ynet,"מאות בהפגנת תמיכה בממשלה: ""אורבך, אל תישבר"". בנט: ""תודה, אנחנו לא נשברים"""
637,23:28 18/06,מעריב,"רה""מ בנט על הפגנת התמיכה בממשלה: ""אנחנו לא נשברים, ולא מוותרים על המדינה שלנו"""
638,23:27 18/06,ישראל היום,חלק מהפיגועים בטורקיה סוכלו - האיום עדיין קיים
639,23:26 18/06,ערוץ 7,"""גרש את העצבות"": הזמר החסידי מפתיע בהודעה על אלבום ראשון"
640,23:21 18/06,ישראל היום,ניפגש בשש אחרי המחאה
641,23:21 18/06,ישראל היום,"""העם אומר ניר תתפטר"": מפגינים קראו לח""כ אורבך לעזוב את הממשלה"
642,23:21 18/06,ישראל היום,"המרוץ לרמטכ""לות: גנץ ראיין את אלוף אייל זמיר"
643,23:20 18/06,ערוץ 7,שני אוטובוסים נשרפו כליל בחניון בראשון לציון
644,23:16 18/06,ישראל היום,הכישלון הוא יתום: קשה להתעלם מהאלימות בחברה הערבית
645,23:15 18/06,מעריב,"שר החוץ האיראני למקבילו האמירתי: ""הנוכחות של ישראל באזור יוצרת חוסר יציבות"""
646,23:15 18/06,ערוץ 7,נער ישראלי הותקף בידי יותר מ-20 פלסטינים באזור מבואות יריחו
647,23:15 18/06,ערוץ 7,איך מפילים ממשלה? מאחורי הקלעים של יום ההצבעות בכנסת
648,23:15 18/06,ice,העסקים אחראים ליוקר המחייה? בבריטניה מצאו את האשמים
649,23:15 18/06,ice,"""לא לפילוג"" מאות אנשים בהפגנת התמיכה בממשלה"
650,23:08 18/06,Ynet,"""אורבך, אל תישבר"": מאות בהפגנת תמיכה בממשלה"
651,23:07 18/06,mako,"באלות ובאבנים: עשרות פלסטינים תקפו ישראלי בבקעת הירדן, חשודים נעצרו"
652,23:02 18/06,ערוץ 7,הרב חיים דרוקמן יעבור מחר ניתוח
653,23:00 18/06,ice,"פעילות שמאל נדרסו בהפגנה נגד הכיבוש ופונו לבי""ח: הנסיבות נבדקות"
654,22:59 18/06,ערוץ 7,"""אלחם על פיסת הבד הזו"": נמשך הקרב על הדגל בחווארה"
655,22:51 18/06,ערוץ 7,"יו""ר הסוכנות: בתי עלתה לתורה בבי""כ רפורמי"
656,22:50 18/06,וואלה,ארגנטינה: הורגשה רעידת אדמה בעוצמה 5.3
657,22:49 18/06,ישראל היום,התחנה הסופית: נחתם האישור שירחיב את חיסון הקורונה לקבוצת הגיל האחרונה
658,22:49 18/06,ערוץ 7,מאות מפגינים בתל אביב בעד ממשלת בנט - לפיד
659,22:45 18/06,מעריב,טילים פגעו במפעל גז במזרח אוקראינה
660,22:45 18/06,ice,מגישת כאן 11 חושפת: השקר הגדול של הטלוויזיה
661,22:45 18/06,ice,"נטלי דדון מתקפלת? ""אין לי ביקורת על גל גדות"""
662,22:43 18/06,ערוץ 7,בגיל 64 המחנך הידוע מרמת שלמה נטמן בערב שבת
663,22:43 18/06,ערוץ 7,"רועי עידן: הצבעתי לבנט בגלגוליו השונים, אבל קרה לו משהו רע מאוד"
664,22:34 18/06,ישראל היום,כיתות הכוננות חוזרות ליישובי עוטף ירושלים
665,22:33 18/06,Ynet,"הכבל נקשר לעמוד חשמל, ונקרע: נזק של 2 מיליון שקל מנפילת בלון התצפית בעזה"
666,22:30 18/06,ice,בעקבות הלחימה באוקראינה: אירופה מתרחקת מעמידה ביעדי צמצום הפליטות
667,22:25 18/06,ערוץ 7,ערך הביטקוין ירד מתחת ל-20 אלף דולר
668,22:24 18/06,Ynet,חשד להצתה: שני אוטובוסים נשרפו כליל בחניון בראשון לציון | תיעוד
669,22:21 18/06,mako,ארגנטינה: רעידת אדמה בעוצמה 5.3 הורגשה בעיר מנדוסה שבמערב המדינה
670,22:20 18/06,mako,"עדכון לגבי האב ובתו שחולצו מהבאר בפרדס חנה: מצבו של האב מוגדר קל, מצב הילדה בינוני-קשה"
671,22:20 18/06,ערוץ 7,"למרות הזכייה, אוקראינה לא תארח את אירוויזיון 2023"
672,22:20 18/06,ערוץ 7,#דבריםשלאידעתם | חמישה דברים שלא ידעתם על חסידות גור
673,22:19 18/06,ישראל היום,"גיא קפלן מועמד לתפקיד עוזר המאמן בהפועל ב""ש"
674,22:19 18/06,ערוץ 7,טרגדיה באשדוד: אברך בן 26 נפטר ממחלה
675,22:17 18/06,מעריב,"מושל קלינינגרד: ""יהיו השלכות להחלטה של ליטא להטיל הגבלות על הסחורות שלנו"""
676,22:15 18/06,ice,"מגיש ערוץ 14 ממליץ: ""סדרת מופת, חובה וטופ 5"""
677,22:15 18/06,ice,שביתה בתחבורה הציבורית גם השבוע: אלו הקווים שלא יפעלו
678,22:15 18/06,Ynet,"בקריית אתא, רמת גן, אשקלון, נחף, כפר קרע וליד טבעון: 7 נרצחים תוך יומיים"
679,22:07 18/06,mako,המצוד נמשך: סוכל פיגוע נגד ישראלים בטורקיה
680,22:07 18/06,mako,פספסתם? חדשות סוף השבוע - 18.6.2022
681,22:00 18/06,ice,גיא זוארץ חשף: לאן נעלם האח הגדול?
682,22:00 18/06,ice,"נועה קירל חושפת בדמעות: ""מרגישה כמו ילדה דחויה"""
683,21:53 18/06,ישראל היום,התחנות בקריירה של קטש: אליפות עם גלבוע/גליל ודאבל יווני
684,21:51 18/06,Ynet,"חילוץ חריג בפרדס חנה: אב ובת 3 הוצאו מבאר בעומק 15 מטר, בן 5 הזעיק סיוע"
685,21:50 18/06,ישראל היום,"נכשל בראשונה: איך תראה הקדנציה השנייה של עודד קטש במכבי ת""א?"
686,21:50 18/06,ערוץ 7,רוכב אופניים פגע בשתי מפגינות בהפגנה השמאל הקיצוני ברחבת הבימה
687,21:49 18/06,מעריב,רעידת אדמה בעוצמה 5.3 הורגשה במערב ארגנטינה
688,21:46 18/06,mako,ההסלמה בדרום: שר הביטחון הקפיא את מכסת ההיתרים לצורכי עבודה לתושבי עזה
689,21:46 18/06,ערוץ 7,שבוע הספר: נשיא המדינה מסייר בין דוכני הספרים בתל אביב
690,21:45 18/06,רוטר.נט,הודו: 42 הרוגים משטפונות ומפולות בוץ בצפון מזרח המדינה
691,21:45 18/06,ice,אקזיט מנעלי נייק: זה הסכום המטורף ששולם לזוג
692,21:45 18/06,ice,מכה נוספת למיליוני הורים: השביתה במוסדות החינוך נמשכת
693,21:44 18/06,ישראל היום,"חוזר הביתה: עודד קטש מונה למאמן מכבי ת""א"
694,21:44 18/06,ערוץ 7,נס הבוקר בנתיב העשרה
695,21:41 18/06,Ynet,"בוחרים רמטכ""ל | פותחים שבוע"
696,21:41 18/06,Ynet,"גל חום קיצוני באירופה: 42 מעלות בספרד, צרפת שברה שיא של 75 שנה"
697,21:40 18/06,ערוץ 7,אזהרת שריפות ואיסור על פעילות בחוץ – שיאי חום באירופה
698,21:40 18/06,ערוץ 7,"""ככה זה כשפקידים מעדיפים לשמור על עצמם"""
699,21:37 18/06,ערוץ 7,שני שחקנים נהרגו במהלך צילומי סדרה של נטפליקס
700,21:35 18/06,ישראל היום,בעקבות ירי הרקטה: גנץ הקפיא את תוספת היתרי העבודה לתושבי הרצועה
701,21:32 18/06,ערוץ 7,בעקבות הירי לישראל: גנץ הקפיא את הגדלת מכסת הפועלים מעזה
702,21:30 18/06,ice,"סיון כהן נגד הנופשים בטורקיה: ""לראות אותם חוגגים מייאש"""
703,21:29 18/06,מעריב,גבר בן 25 נפצע באורח בינוני ברהט
704,21:25 18/06,ערוץ 7,בעקבות הירי לישראל: גנץ מצמצם את היתרי העבודה לתושבי עזה
705,21:23 18/06,ערוץ 7,שבעה מקרי רצח בסוף השבוע ברחבי הארץ
706,21:23 18/06,וואלה,"גנץ: ""נקפיא את הגדלת היתרי העבודה והמסחר לפסטינים מעזה"""
707,21:21 18/06,מעריב,גנץ הקפיא את הגדלת מכסת ההיתרים לצורכי עבודה לתושבי עזה
708,21:21 18/06,ישראל היום,"נתנאל ארצי במו""מ מתקדם עם הפועל אילת"
709,21:21 18/06,ערוץ 7,"יו""ר הסוכנות היהודית הנבחר, דורון אלמוג, השתתף בוועידת התנועה הרפורמית בשפיים"
710,21:20 18/06,ערוץ 7,מאמן חדש להפועל ירושלים
711,21:20 18/06,mako,"לאחר חילוץ מורכב של כוחות הכבאים, הגבר בן ה-37 והילדה בת ה-3 פונו לבית החולים"
712,21:19 18/06,mako,"אב ובתו נפלו לבאר יבשה בעומק 15 מטרים בפרדס חנה. לאחר חילוץ מורכב, הם פונו לבית החולים"
713,21:17 18/06,Ynet,"מצוד כפול באיסטנבול: ""איראן הורתה לרצוח ישראלים בכל מחיר, זה לא נגמר"""
714,21:16 18/06,ישראל היום,עידן חדש בבירה: אלכסנדר דז׳יקיץ׳ מונה למאמן הפועל ירושלים
715,21:16 18/06,וואלה,"חולצו האב וביתו שנפלו לבאר בפרדס חנה, מצבם קל ובינוני"
716,21:15 18/06,ice,"הפגנה נגד איל גולן בבלומפילד: ""הגיע הזמן לשלם"""
717,21:15 18/06,ice,"אילה חסון נעלמה מהמסך, מי הוקפץ להחליף אותה?"
718,21:14 18/06,מעריב,"ילדה כבת 3 במצב בינוני ואביה במצב קל, לאחר שחולצו מהבור אליו נפלו סמוך לגן שמואל"
719,21:13 18/06,ישראל היום,השלישית שלו: מדליית זהב לעמי דדאון באליפות העולם
720,21:13 18/06,ישראל היום,אב ובתו נפלו לבאר במהלך טיול - וחולצו בשלום
721,21:11 18/06,וואלה,"ארה""ב: המרכז לבקרת מחלות תומך בחיסוני קורונה לתינוקות מתחת לחצי שנה"
722,21:10 18/06,Ynet,חילוץ חריג בפרדס חנה: אב ובתו הקטנה הוצאו מבאר בעומק 15 מטר
723,21:09 18/06,mako,"7 נרצחו ביומיים ברחבי הארץ, גורם ביטחוני: החוליות האיראניות יודעות על הישראלים במלונות | חדשות השבת"
724,21:09 18/06,mako,פרדס חנה: האב ובתו חולצו מהבור עם פגיעות בגפיים | תיעוד החילוץ
725,21:07 18/06,ישראל היום,אירופה רותחת: שיאי חום נמדדו במספר מדינות
726,21:07 18/06,ישראל היום,"17 מיליון דולר: האקדמיה הישראלית למדעים תובעת את זרוע גיוס התרומות שלה בארה""ב"
727,21:07 18/06,ישראל היום,אב ובתו נפלו לפיר במהלך טיול וחולצו
728,21:06 18/06,ערוץ 7,ברוב קולות: הפרלמנט בבריסל הצביע נגד איסור שחיטה כשרה
729,21:05 18/06,ערוץ 7,חולצו אב ובתו שנפלו לבאר בעומק 15 מטר בפרדס חנה
730,21:03 18/06,ערוץ 7,"הרב יונה גודמן: פתיחות זה חשוב, אבל לא על חשבון הדעות"
731,21:03 18/06,ערוץ 7,מדליית זהב שלישית לשחיין הפראלימפי
732,21:00 18/06,ice,"גיא זוארץ חושף: ""אחרי ניסיונות ופלירטוטים, היא נכנסה למכונית"""
733,21:00 18/06,ice,"אילה חסון מותקפת: ""שקר מוחלט, לא הפעם הראשונה"""
734,20:58 18/06,ערוץ 7,בן 16 נפצע באורח בינוני לאחר שנפגע מרכב ברחוב משה דיין בתל אביב
735,20:57 18/06,ערוץ 7,ביידן נפל מאופניו במהלך רכיבה
736,20:54 18/06,ערוץ 7,"ליברמן: קודם התאמת החופשים - אח""כ הסכם, מחר הלימודים יחלו בשעה 10:00"
737,20:51 18/06,מעריב,פעולות חילוץ מתבצעות על מנת לחלץ ילדה כבת 3 שנפלה לבור בעומק 15 מטר
738,20:51 18/06,מעריב,נבחרת ההתעמלות האמנותית הקבוצתית של ישראל זכתה במדליית זהב באליפות אירופה
739,20:50 18/06,ערוץ 7,שתי מדליות זהב לישראל באליפות אירופה בהתעמלות
740,20:49 18/06,ערוץ 7,אב ובתו בת ה-4 נפלו לבאר בעומק 15 מטרים ליד פרדס חנה
741,20:48 18/06,מעריב,נבחרת ישראל בהתעמלות אומנותית זכתה במדליית הזהב באליפות אירופה
742,20:46 18/06,ישראל היום,חשש לחייהם: אב ובתו נפלו לפיר במהלך טיול
743,20:46 18/06,ערוץ 7,פלילי? לאומני? ריבוני - טורה של סיון רהב מאיר
744,20:45 18/06,ערוץ 7,"בעולם מקביל, אבל נורמאלי - דעה"
745,20:45 18/06,ice,דירוג עשירי ישראל: אדלסון יצאה מ-50 הראשונים בעולם
746,20:44 18/06,ישראל היום,זהב נוסף: נבחרת ההתעמלות הקבוצתית החדשה של ישראל אלופת אירופה
747,20:43 18/06,Ynet,"מסע ציד איראני באיסטנבול, רקטה מעזה ונפילה כואבת של ביידן: חדשות השבת"
748,20:38 18/06,ישראל היום,שני אוטובוסים נשרפו בראשון לציון
749,20:38 18/06,ערוץ 7,חיל האוויר תקף 3 עמדות חמאס ברצועה בתגובה לירי על אשקלון
750,20:38 18/06,ערוץ 7,בן ה-15 טבע למוות בירדן במהלך טיול כיתתי
751,20:36 18/06,ערוץ 7,נמנע פיגוע נגד ישראלים בטורקיה
752,20:33 18/06,מעריב,ה-CDC ממליץ לאשר את חיסון הקורונה של פייזר לבני חצי שנה עד ארבע שנים
753,20:32 18/06,ישראל היום,בדרך להיסטוריה? אנסטסיה גורבנקו בגמר אליפות העולם בשחייה
754,20:29 18/06,mako,בדרך למדליה? אנסטסיה גורבנקו עלתה לגמר אליפות העולם במשחה 200 מטר מעורב אישי באליפות העולם לשחייה
755,20:27 18/06,mako,פעולות החייאה בגבר בשנות ה-50 לחייו לאחר שטבע בחוף דדו בחיפה
756,20:27 18/06,mako,"מושל לוגנסק טוען: ""רוסיה שולחת מספר רב של חיילי מילואים לסברודונייצק"""
757,20:24 18/06,ישראל היום,"סיכום חדשות השבת: התרעה חמורה על פיגוע נגד ישראלים בטורקיה, שבעה מקרי רצח ברחבי הארץ"
758,20:21 18/06,mako,חשש לחייהם: אב ובתו נפלו לבאר יבשה בעומק 15 מטרים בפרדס חנה - צוותי כיבוי והצלה עושים מאמצים לחלצם
759,20:20 18/06,mako,איראן: רעידת אדמה בעוצמה 4.6 הורגשה בצפון המדינה
760,20:20 18/06,mako,שני אוטובוסים נשרפו בחניון הפתוח בגולדה מאיר בראשון לציון - הסיבות למקרה נבדקות
761,20:17 18/06,ישראל היום,"גנץ קורא לישראלים בטורקיה להישמע להנחיות: ""פועלים לסיכול פיגוע איראני"""
762,20:17 18/06,ישראל היום,בריטניה: בעקבות שערוריית מין בוטלה משימה של 300 צנחנים
763,20:13 18/06,מעריב,ילד בן שמונה נפצע באורח בינוני מפגיעת אופנוע בג'סר א זרקא
764,20:12 18/06,Ynet,"מצוד כפול באיסטנבול: ""איראן הורתה לרצוח ישראלים בכל מחיר, זה עוד לא נגמר"""
765,20:11 18/06,ישראל היום,אליפות העולם בשחייה: אנסטסיה גורבנקו בחצי הגמר
766,20:10 18/06,Ynet,פעולות חילוץ בפרדס חנה: אב ובתו הקטנה נפלו לבאר בעומק 15 מטר
767,20:08 18/06,mako,פרדס חנה: חשש לחיי אב וביתו שנפלו לבאר עם פיר עמוק
